{"type":"footer","name":"Footer Group","sections":{"image_banner_nE3cmz":{"type":"image-banner","blocks":{"special_img_a63fFY":{"type":"specialImg","disabled":true,"settings":{"row_reverse":false,"image":"shopify:\/\/shop_images\/Group_208.png","width_banner":37,"image_behavior":"none","display_countdown":false,"title":"","title_font_size":40,"title_font_size_mb":20,"title_font_weight":"700","mg_bottom_title":15,"title_color":"#ffffff","des":"Limited Time Only. End ins:","des_font_size":12,"des_font_size_mb":12,"des_font_weight":"400","mg_bottom_des":15,"text_color":"#ffffff","countdown":"2023\/01\/7 0:0:00","item_countdown_width":64,"item_countdown_height":64,"item_countdown_gap":7,"item_countdown_radius":50,"border_countdown_color":"#ffffff","countdown_background":"","countdown_background_gradient":"","opacity_background":0.8,"num_font_size":20,"num_font_size_mb":16,"num_font_weight":"400","num_color":"#ffffff","text_time_font_size":12,"text_time_font_size_mb":12,"text_time_font_weight":"400","text_time_color":"#ffffff","border_color":"#323232","bg_color":"","bg_color_gradient":"","sub_title":"","letter_spacing_sub_title":"","font_size_sub_title":14,"font_size_sub_title_mb":14,"margin_bottom_sub_title":14,"sub_heading_font":"font_1","font_weight_sub_title":"700","sub_title_position":"sub_title_above","color_sub_title":"#232323","heading":"","letter_spacing_heading":"","font_size_heading":40,"font_size_heading_mb":24,"margin_bottom_heading":20,"font_weight_heading":"600","color_heading":"#232323","text":"","font_size_des":12,"font_size_des_mb":12,"line_height_des":26,"margin_bottom_des":35,"color_des":"#232323","content_width":475,"align":"center","video_link":"","adaptive_height_video":"56","color_icon":"#ffffff","bg_color_icon":"#000000","btn_text":"","button_style":"style2","link":"","button_1_width":235,"enable_button_custom_border":false,"button_color":"#232323","button_border":"#7f7f7f","button_background":"#ffffff","button_background_gradient":"","button_color_hover":"#232323","button_border_hover":"#7f7f7f","button_background_hover":"#ffffff","button_background_gradient_hover":""}},"custom_img_kGxay6":{"type":"customImg","disabled":true,"settings":{"row_reverse":true,"image":"shopify:\/\/shop_images\/Group_208.png","small_banner_bg_color":"","small_banner_bg_color_g":"","small_banner_border_color":"","sub_title":"","border_sub_title":false,"letter_spacing_sub_title":"","font_size_sub_title":14,"font_size_sub_title_mb":14,"margin_bottom_sub_title":14,"sub_heading_font":"font_1","font_weight_sub_title":"700","sub_title_position":"sub_title_above","color_sub_title":"#232323","heading":"","letter_spacing_heading":"","font_size_heading":40,"font_size_heading_mb":24,"margin_bottom_heading":20,"font_weight_heading":"600","color_heading":"#232323","border_title":"border_s1","border_color_title":"#232323","text":"","font_size_des":12,"font_size_des_mb":12,"line_height_des":26,"margin_bottom_des":35,"color_des":"#232323","content_width":475,"align":"center","video_link":"","adaptive_height_video":"56","icon_style":"style_1","color_icon":"#ffffff","bg_color_icon":"#000000","btn_text":"","link":"","button_1_width":235,"button_color":"#ffffff","button_border":"#232323","button_background":"#232323","button_background_gradient":"","button_color_hover":"#ffffff","button_border_hover":"#232323","button_background_hover":"#232323","button_background_gradient_hover":"","row_reverse_item_2":false,"small_banner_bg_color_item_2":"","small_banner_bg_color_g_item_2":"","small_banner_border_color_item_2":"","sub_title_item_2":"","border_sub_title_item_2":false,"letter_spacing_sub_title_item_2":"","font_size_sub_title_item_2":14,"font_size_sub_title_mb_item_2":14,"margin_bottom_sub_title_item_2":14,"sub_heading_font_item_2":"font_1","font_weight_sub_title_item_2":"700","sub_title_position_item_2":"sub_title_above","color_sub_title_item_2":"#232323","heading_item_2":"Metropólis","letter_spacing_heading_item_2":"","font_size_heading_item_2":40,"font_size_heading_mb_item_2":24,"margin_bottom_heading_item_2":20,"font_weight_heading_item_2":"600","color_heading_item_2":"#232323","border_title_item_2":"border_s1","border_color_title_item_2":"#232323","text_item_2":"Pellentesque posuere orci lobortis scelerisque blandit. Donec id tellus lacinia an tincidunt risus an consequat delit quisquemos.","font_size_des_item_2":12,"font_size_des_mb_item_2":12,"line_height_des_item_2":26,"margin_bottom_des_item_2":35,"color_des_item_2":"#232323","content_width_item_2":475,"align_item_2":"center","video_link_item_2":"https:\/\/www.youtube.com\/watch?v=_9VUPq3SxOc","adaptive_height_video_item_2":"56","icon_style_item_2":"style_1","color_icon_item_2":"#ffffff","bg_color_icon_item_2":"#000000","btn_text_item_2":"Shop Now","link_item_2":"","button_1_width_item_2":235,"button_color_item_2":"#ffffff","button_border_item_2":"#232323","button_background_item_2":"#232323","button_background_gradient_item_2":"","button_color_hover_item_2":"#ffffff","button_border_hover_item_2":"#232323","button_background_hover_item_2":"#232323","button_background_gradient_hover_item_2":"","image_behavior":"none"}},"large_img_By8mcC":{"type":"largeImg","settings":{"image":"shopify:\/\/shop_images\/Group_208.png","enable_max_width_image":false,"custom_width_image":1170,"enable_scroll_down":false,"enable_custom_image":false,"image_behavior":"none","sub_title":"","border_sub_title":false,"font_size_sub_title":14,"font_size_sub_title_mb":14,"margin_bottom_sub_title":14,"sub_heading_font":"font_1","font_weight_sub_title":"700","sub_title_position":"sub_title_above","color_sub_title":"#232323","color_sub_title_mb":"#ffffff","heading":"","letter_spacing_heading":"","enable_style_italic":false,"font_size_heading":40,"font_size_heading_mb":24,"margin_bottom_heading":20,"font_weight_heading":"600","color_heading":"#232323","color_heading_mb":"#ffffff","border_title":"border_s1","border_color_title":"#232323","border_color_title_mobile":"#ffffff","text":"","font_size_des":12,"font_size_des_mb":12,"line_height_des":26,"margin_bottom_des":35,"color_des":"#232323","color_des_mb":"#ffffff","countdown":"","hide_countdown_fc":"countdown","countdown_style":"round","countdown_position":"countdown_below_desc","font_size_countdown_number":30,"font_size_countdown_text":14,"color_countdown":"#232323","color_countdown_mb":"#ffffff","countdown_margin_bottom":35,"content_width":475,"bg_color_content":"","align":"center","align_items":"center","position":"left","custom_horizontal":"","custom_vertical":"","btn_text":"","link":"","btn_icon":"","button_1_width":235,"enable_button_custom_border":false,"button_color":"#ffffff","button_border":"#232323","button_background":"#232323","button_background_gradient":"","button_color_hover":"#ffffff","button_border_hover":"#232323","button_background_hover":"#232323","button_background_gradient_hover":"","btn_text_2":"","link_2":"","btn_icon_2":"","button_color_2":"#ffffff","button_border_2":"#232323","button_background_2":"#232323","button_background_2_gradient":"","button_color_hover_2":"#ffffff","button_border_hover_2":"#232323","button_background_hover_2":"#232323","button_background_gradient_hover_2":"","video_link":"","adaptive_height_video":"56","icon_style":"style_1","color_icon":"#ffffff","bg_color_icon":"#000000","enable_custom_video_icon_position":false,"video_icon_horizontal_position":"","video_icon_vertical_position":"","video_icon_horizontal_position_mb":"","video_icon_vertical_position_mb":""}}},"block_order":["special_img_a63fFY","custom_img_kGxay6","large_img_By8mcC"],"disabled":true,"name":"t:sections.image-banner.presets.name","settings":{"id_section":"","container":"fullwidth","padding_full_width":0,"display_type":"slide","enable_arrows":false,"arrows_position":"","enable_dots":false,"enable_autoplay":false,"list_gap":0,"image_banner_title":"","enable_border_title":false,"color_title":"#202020","fontsize_title":24,"fontsize_title_mb":20,"margin_bottom_title":25,"image_banner_des":"","color_des":"#202020","fontsize_des":16,"title_align":"center","style_bg":"none","bg_color":"","bg_color_gradient":"","bg_image":"shopify:\/\/shop_images\/WX20250427-190342_2x_3.png","mg_top_desktop":35,"mg_top_tablet":30,"mg_top_mobile":35,"mg_bottom_desktop":25,"mg_bottom_tablet":30,"mg_bottom_mobile":35}},"footer_02_yiaRng":{"type":"footer-02","blocks":{"newsletter_JGiWNe":{"type":"newsletter","settings":{"custom_width":"50","show_newsletter":true,"newsletter_style":"style1","enable_border_bottom":false,"border_block_color":"#c1ebbf","heading":"unlock 10% off your first purchase","subtext":"<p>Be the first to hear about new launches, exclusive sales, and more exciting updates. <\/p>","mg_top_des":6,"mg_bottom_des":28,"spacing_input":3,"newsletter_form_width":330,"input_text":"Enter your email address","input_color":"#808080","input_color_bg":"#f5f4ea","input_color_border":"#232323","button_text":"Submit","button_width":130,"button_color":"#232323","button_color_border":"rgba(0,0,0,0)","button_color_bg":"#95ec8e","button_color_bg_gradient":"","button_color_hover":"#000000","button_color_border_hover":"#ffffff","button_color_bg_hover":"#ffffff","button_color_bg_gradient_hover":"","check_text":"<p>By providing your email, you consent to our <a href=\"https:\/\/new-ella-demo.myshopify.com\/?fts=0#\">Privacy Policy <\/a>and <a href=\"https:\/\/new-ella-demo.myshopify.com\/?fts=0#\">Terms & Conditions<\/a>.<\/p>","check_text_color":"#808080","check_text_fontsize":12,"check_input_color":"#ffffff","social_heading":"","show_social":true,"enable_bg_social":false,"social_margin_top":14,"social_icon_width":12,"social_icon_padding":10,"social_icon_border_width":1,"social_icon_margin_right":15,"social_color":"#282828","social_border_color":"#ffffff","social_background_color":"#ffffff","social_background_color_gradient":"","social_color_hover":"#282828","social_border_color_hover":"#ffffff","social_background_color_hover":"#ffffff","social_background_color_gradient_hover":"","social_box_hover_color":"#ffffff","newsletter_margin_bottom":15}},"link_list_Jqgfh3":{"type":"link_list","settings":{"custom_width":"16.6","heading":"Shop With Us","menu":"shop-with-us","mg_bottom":0}},"link_list_mALUwr":{"type":"link_list","settings":{"custom_width":"16.6","heading":"MONO.M","menu":"footer","mg_bottom":0}},"link_list_a9NETV":{"type":"link_list","settings":{"custom_width":"16.6","heading":"HELP & Support","menu":"help","mg_bottom":0}}},"block_order":["newsletter_JGiWNe","link_list_Jqgfh3","link_list_mALUwr","link_list_a9NETV"],"name":"Footer 02","settings":{"container":"1170","padding_full_width":10,"type_footer_heading":"font_1","type_footer_heading_font_size":16,"type_footer_heading_font_weight":"500","type_footer_heading_text_transform":"uppercase","type_footer_heading_line_height":15,"type_footer_heading_letter_spacing":".03em","type_footer_link":"font_1","type_footer_link_font_size":14,"type_footer_link_font_weight":"400","type_footer_link_text_transform":"lowercase","type_footer_link_line_height":30,"type_footer_link_letter_spacing":".03em","border_footer_top_color":"#282828","pdtop_footer_top":35,"pdbottom_footer_top":35,"footer_top_bg":"#000000","footer_top_bg_gradient":"","show_footer_top_bg_img":true,"footer_top_bg_img":"shopify:\/\/shop_images\/WX20250427-190342_2x_4.png","footer_top_bg_position_x":"left","footer_top_bg_position_y":"top","footer_top_bg_repeat":"no-repeat","footer_top_bg_attachment":"fixed","footer_top_bg_size":"cover","footer_top_text_align":"center","footer_top_title_color":"#ffffff","footer_top_color_link":"#ffffff","footer_top_color_link_hover":"#ffffff"}},"footer_01_M4q3Fd":{"type":"footer-01","blocks":{"link_list_jz7CRp":{"type":"link_list","settings":{"custom_width":"20","heading":"Shop","menu":"","mg_bottom":0}},"link_list_Xmncnn":{"type":"link_list","settings":{"custom_width":"20","heading":"Information","menu":"","mg_bottom":0}},"link_list_cUxxyj":{"type":"link_list","settings":{"custom_width":"20","heading":"Customer Service","menu":"best-sellers","mg_bottom":0}},"newsletter_with_social_XYPizk":{"type":"newsletter_with_social","disabled":true,"settings":{"custom_width":"40","show_newsletter":true,"heading":"Heading","subtext":"<p>Sign up for exclusive updates, new arrivals & insider only discounts<\/p>","mg_top_des":10,"mg_bottom_des":0,"spacing_input":10,"newsletter_form_width":420,"input_text":"enter your email address","input_color":"#ffffff","input_color_bg":"#232323","input_color_border":"#ffffff","button_text":"Submit","button_width":150,"button_color":"#ffffff","button_color_border":"#ffffff","button_color_bg":"#232323","button_color_bg_gradient":"","button_color_hover":"#ffffff","button_color_border_hover":"#ffffff","button_color_bg_hover":"#232323","button_color_bg_gradient_hover":"","check_text":"","check_text_color":"#808080","check_text_fontsize":14,"check_input_color":"#ffffff","show_social":true,"swap_social_position":false,"social_heading":"","enable_bg_social":false,"social_margin_top":35,"social_icon_width":12,"social_icon_padding":12,"social_icon_border_width":1,"social_icon_margin_right":15,"social_color":"#282828","social_border_color":"#ffffff","social_background_color":"#ffffff","social_background_color_gradient":"","social_color_hover":"#282828","social_border_color_hover":"#ffffff","social_background_color_hover":"#ffffff","social_background_color_gradient_hover":"","social_box_hover_color":"#ffffff","show_app_store":false,"top_spacing":16,"app_store_heading":"","heading_bottom_margin":20,"app_store_link_1":"","app_store_link_2":"","logo_margin_bottom":28,"content_subtext":"","phone_icon":"message_icon","show_phone_icon":false,"phone_text":"","email_icon":"envelope_icon","show_email_icon":false,"email_text":"","icon_size":16,"icon_color":"","newsletter_margin_bottom":45}}},"block_order":["link_list_jz7CRp","link_list_Xmncnn","link_list_cUxxyj","newsletter_with_social_XYPizk"],"disabled":true,"settings":{"container":"1170","padding_full_width":0,"type_footer_heading":"font_1","type_footer_heading_font_size":16,"type_footer_heading_line_height":3,"type_footer_heading_font_weight":"400","type_footer_heading_text_transform":"uppercase","type_footer_heading_margin_bottom":12,"type_footer_heading_letter_spacing":".02em","type_footer_link":"font_1","type_footer_link_font_size":12,"type_footer_link_font_weight":"400","type_footer_link_text_transform":"capitalize","type_footer_link_line_height":28,"type_footer_link_letter_spacing":".02em","enable_border_footer_top":false,"border_footer_top_color":"#282828","pdtop_footer_top":30,"pdbottom_footer_top":30,"footer_top_bg":"#4f4c45","footer_top_bg_gradient":"","show_footer_top_bg_img":true,"footer_top_bg_img":"shopify:\/\/shop_images\/WX20250427-190342_2x_4.png","footer_top_bg_position_x":"center","footer_top_bg_position_y":"top","footer_top_bg_repeat":"repeat","footer_top_bg_attachment":"fixed","footer_top_bg_size":"cover","footer_top_text_align":"left","footer_top_title_color":"#ffffff","footer_top_color_link":"#cfcfcf","footer_top_color_link_hover":"#ffffff","show_border_item":false,"space_border_item":65,"footer_border_item":"#232323"}}},"order":["image_banner_nE3cmz","footer_02_yiaRng","footer_01_M4q3Fd"]}