{"type":"header","name":"Header Group","sections":{"announcement-bar":{"type":"announcement-bar","blocks":{"60fe30b1-fa66-4bd9-9d3f-21fc97aa738c":{"type":"announcement","settings":{"text":"* Free shipping for orders more than $80","btn_color":"#f84248","btn_border_color":"#ffffff","btn_bg_color":"#ffffff","btn_bg_color_gradient":""}}},"block_order":["60fe30b1-fa66-4bd9-9d3f-21fc97aa738c"],"settings":{"layout":"slider","enable_close":false,"color_text":"#3c3c3c","bg_color_text":"#ffe8e8","bg_color_text_gradient":"linear-gradient(54deg, rgba(204, 245, 223, 0.54), rgba(245, 241, 117, 0.34) 37%, rgba(235, 255, 107, 0.37) 67%, rgba(206, 245, 231, 0.68) 95%)","font_size_text":13,"font_style_text":"normal","font_weight_text":"500","arrow_active":false,"content_max_width":40,"padding_top":10,"padding_bottom":10}},"header-classic":{"type":"header-classic","blocks":{"a2e4ea2e-73e5-4452-8129-d86dbbae584d":{"type":"logo","settings":{"logo":"shopify:\/\/shop_images\/MonoM_Logo_Square.jpg","logo_width":90,"logo_text":"","logo_font_size":30,"logo_font_weight":"900","logo_text_transform":"uppercase","logo_color":"#232323","spacing":5}},"fde2cc21-cbc9-4c9a-ad68-7cc53ec68280":{"type":"service","disabled":true,"settings":{"customer_service_text":"<p>Customer Service 091 234-ELLA<\/p>","text_color":"#323232","show_language_currency":true,"language_currency_color":"#323232","show_search":true,"search_color":"#323232","bg_search_color":"#fafafa","search_border_color":"#e7e7e7","search_icon_color":"#323232","spacing":14}},"5939cbc0-a9fd-48e0-adcd-1d945e05dc99":{"type":"text","disabled":true,"settings":{"free_shipping_text":"<p>Free shipping on All Orders. No Minimum Purchase<\/p>","text_color":"#232323","spacing":15}},"04e85927-4a9b-4543-93b7-cf1b32370bd4":{"type":"group","settings":{"show_cart":true,"cart_color":"#323232","cart_color_item":"#323232","cart_bg_item":"#ffe5e8","show_wishlist":true,"wishlist_color":"#323232","show_wishlist_number":false,"wishlist_color_item":"#ffffff","wishlist_bg_item":"#232323","show_customer":true,"customer_color":"#323232","spacing":0}}},"block_order":["a2e4ea2e-73e5-4452-8129-d86dbbae584d","fde2cc21-cbc9-4c9a-ad68-7cc53ec68280","5939cbc0-a9fd-48e0-adcd-1d945e05dc99","04e85927-4a9b-4543-93b7-cf1b32370bd4"],"settings":{"container":"default","padding_full_width":0,"background":"#f5f4ea","gradient":"","padding_top":15,"padding_bottom":16}},"9c03747e-b054-4db8-8194-5a35c71f82ca":{"type":"header-navigation-plain","blocks":{"sections--14682829619277__9c03747e-b054-4db8-8194-5a35c71f82ca-1680876693acfad79f-0":{"type":"logo","disabled":true,"settings":{"logo_position":"sticky_menu","logo":"shopify:\/\/shop_images\/MonoM_Logo_Square.jpg","logo_transparent":"shopify:\/\/shop_images\/MonoM_Black.png","logo_width":90,"logo_width_fixed":55,"logo_text":"","logo_font_size":20,"logo_font_weight":"900","logo_text_transform":"uppercase","logo_color":"#ffffff"}},"sections--14682829619277__9c03747e-b054-4db8-8194-5a35c71f82ca-1680876693acfad79f-1":{"type":"main_menu","settings":{"menu":"main-menu","menu_top_spacing":10,"menu_bottom_spacing":15,"grid_gap_menu_item":10,"alignment":"center","bg_mega_menu":"#ffffff","bg_mega_menu_gradient":"","lv_1_color":"#1e4e26","lv_1_color_hover":"#ffffff","lv_2_color":"#232323","lv_2_color_hover":"#232323","lv_3_color":"#3c3c3c","lv_3_color_hover":"#3c3c3c","sale_item_1":"","sale_item_2":"","sale_item_3":"","sale_item_color":"#ff002c","label_position":"main_menu","show_label_blink":true,"new_label_1":"","new_label_2":"Free Shipping + Free Elegant Vessel + Best Value","new_label_3":"Home 21 - Yoga, Home 22 - Eyes Wears, Home 23 - Plant+ Garden, Home 24 - Bicycle, Mobile Sticky Toolbar, Home 25 - Swimwear 2, Sticky Promotion, Marquee Function, Home 26 - Bagratica, Section Groups, Home 27 - Men Fashion 02, Scroll Section","new_label_color":"#ffffff","new_label_bg":"#06bfe2","new_label_bg_gradient":"","sale_label_1":"30% Off","sale_label_2":"","sale_label_3":"","sale_label_color":"#ffffff","sale_label_bg":"#ff1a00","sale_label_bg_gradient":"","hot_label_1":"","hot_label_2":"M Box -   Free Shipping + Free Elegant Vessel + Best Value","hot_label_3":"Bundle - Upsell, Variant Image Grouped, Home 02 - Trendy Style, Home 04 - High Fashion, Home 06 - SuperMarket, Home 15 - Automotive 2, Home 09 - Pet Supplies, Different Mobile Menu, Custom Options, Variant Metafield, Notify Me (Out Of Stock), Color Comparison, Product Combo","hot_label_color":"#ffffff","hot_label_bg":"#ffbb49","hot_label_bg_gradient":""}},"sections--14682829619277__9c03747e-b054-4db8-8194-5a35c71f82ca-1680876693acfad79f-2":{"type":"header_icons","disabled":true,"settings":{"show_language_currency":false,"show_search":false,"show_customer":false,"show_wishlist":false,"show_wishlist_number":false,"show_cart":false,"text_font_size":14,"show_language_currency_sticky":false,"show_search_sticky":true,"show_customer_sticky":false,"show_wishlist_sticky":false,"show_cart_sticky":true,"cart_icon":"1","header_icons_color":"#acacac","header_icons_color_hover":"#acacac","header_icons_border_color":"rgba(0,0,0,0)","header_icons_border_sticky_color":"#232323","cart_count_bubble_color":"#323232","cart_count_bubble_bg":"#ffe5e8","cart_count_bubble_bg_gradient":"","wishlist_color_item":"#ffffff","wishlist_bg_item":"#232323"}},"d3131109-9329-42fa-bbb5-d25d01fd698b":{"type":"megamenu_style_1","disabled":true,"settings":{"layout_block":"custom_width","header_custom_width_size":1200,"item":"Shop","column":3,"show_banner_1":true,"banner_1":"shopify:\/\/shop_images\/save-money.png","banner_url_1":"shopify:\/\/collections\/blazero","show_product":true,"product_title":"Featured Products","product_collection":"naminos-dementus-a-dincidunto-5"}},"23b6fa6d-4f30-4a97-8dc1-2c516f8a7f0e":{"type":"megamenu_style_1","disabled":true,"settings":{"layout_block":"custom_width","header_custom_width_size":1200,"item":"About Us","column":5,"show_banner_1":false,"banner_url_1":"shopify:\/\/products\/dempus-lortis-cosmo-sapiendo-4","show_product":false,"product_title":"On Sale Products","product_collection":"dempus-an-lortis-tempus-sapiendos"}},"01014ccc-ffe5-4c78-b814-da3ff7d8b45c":{"type":"megamenu_style_1","disabled":true,"settings":{"layout_block":"custom_width","header_custom_width_size":1200,"item":"Shop","column":4,"show_banner_1":false,"banner_url_1":"","show_product":false,"product_title":"Featured Products","product_collection":""}},"ec0f7e9f-1012-463e-a1fd-f9225f7f1cc3":{"type":"megamenu_style_1","disabled":true,"settings":{"layout_block":"custom_width","header_custom_width_size":1400,"item":"Product","column":5,"show_banner_1":false,"banner_url_1":"","show_product":false,"product_title":"Featured Products","product_collection":""}}},"block_order":["sections--14682829619277__9c03747e-b054-4db8-8194-5a35c71f82ca-1680876693acfad79f-0","sections--14682829619277__9c03747e-b054-4db8-8194-5a35c71f82ca-1680876693acfad79f-1","sections--14682829619277__9c03747e-b054-4db8-8194-5a35c71f82ca-1680876693acfad79f-2","d3131109-9329-42fa-bbb5-d25d01fd698b","23b6fa6d-4f30-4a97-8dc1-2c516f8a7f0e","01014ccc-ffe5-4c78-b814-da3ff7d8b45c","ec0f7e9f-1012-463e-a1fd-f9225f7f1cc3"],"settings":{"container":"1170","padding_full_width":10,"header_navigation_bg":"#f5f4ea","header_navigation_bg_gradient":"","sticky_header_type":"always","sticky_header_width":"full","enable_transparent":false,"transparent_color":"#727272","transparent_color_hover":"#727272","border_color":"rgba(0,0,0,0)"}},"header-mobile":{"type":"header-mobile","blocks":{"7de2266e-0cd4-4fda-9f09-06f75a17f944":{"type":"menu","settings":{"color":"#ffffff","menu_tab_bg":"#f5f4ea"}},"163e2cb5-14f2-4af6-9ac3-77193c082f53":{"type":"search","settings":{"icon":"1","popup_action":false,"color":"#ffffff"}},"550fbd21-75fb-4051-9dee-77d91b5239f0":{"type":"logo","settings":{"logo_mobile":"shopify:\/\/shop_images\/MONOM_WHITE.png","logo_width_mobile":95,"logo_text":"","logo_font_size":20,"logo_font_weight":"900","logo_text_transform":"uppercase","logo_color":"#232323","alignment":"center"}},"20dae707-64c0-4ea3-a05e-561cae9836d8":{"type":"customer","settings":{"icon":"1","color":"#ffffff"}},"633f9dae-3f65-4bda-9ca8-9d3e231aaf9d":{"type":"cart","settings":{"icon":"2","show_cart_count_bubble":true,"color":"#ffffff","color_bubble":"#ffffff","bg_bubble":"#232323"}}},"block_order":["7de2266e-0cd4-4fda-9f09-06f75a17f944","163e2cb5-14f2-4af6-9ac3-77193c082f53","550fbd21-75fb-4051-9dee-77d91b5239f0","20dae707-64c0-4ea3-a05e-561cae9836d8","633f9dae-3f65-4bda-9ca8-9d3e231aaf9d"],"settings":{"background":"#232323","gradient":"","sticky_header_type":"on_scroll","enable_transparent":false,"transparent_color":"#ffffff","transparent_border_color":"","padding_top":0,"padding_bottom":0}}},"order":["announcement-bar","header-classic","9c03747e-b054-4db8-8194-5a35c71f82ca","header-mobile"]}