{"sections":{"main":{"type":"main-article-with-product","blocks":{"441f2329-1d0c-4d63-bcff-c7281f41bf54":{"type":"product_block","disabled":true,"settings":{"heading":"Featured Products","position":"sidebar","column":"1","product_block_collection":"collection-home-1-2","product_block_layout":"slider","product_block_limit":3,"product_block_dots":false,"product_block_arrows":true}},"71176645-a609-4ff4-90ca-dc2dedabac94":{"type":"image","disabled":true,"settings":{"heading":"","link":""}},"f1a4c4f6-e343-45a5-93ed-33109f5942ea":{"type":"image","disabled":true,"settings":{"heading":"","link":""}},"c04b7f25-8b25-4edb-a6fc-ed43934d98b4":{"type":"text","disabled":true,"settings":{"heading":"Custom Block","text":"<p>Custom CMS block displayed at the left sidebar on the Catalog Page. Put your own content here: text, html, images, media... or whatever you like.<\/p>\n<p>There are many similar sample content placeholders across the store. All editable from admin panel.<\/p>"}},"9d7a0194-0d26-408a-8c12-bd9c7e2feb29":{"type":"lookbook","disabled":true,"settings":{"link":"","margin_bottom":40}},"73becaeb-c487-4f3b-93aa-39f4bef40c07":{"type":"block_quote","disabled":true,"settings":{"enable_bg_color":true,"bg_color_content":"#fafafa","title":"Sample Block Quote","color_title":"#232323","fontsize_title":14,"margin_bottom_title":12,"content":"Praesent vestibulum congue tellus at fringilla. Curabitur vitae semper sem, eu convallis est. Cras felis nunc commodo eu convallis vitae interdum non nisl. Maecenas ac est sit amet augue pharetra convallis.","color_content":"#3c3c3c","fontsize_content":12,"margin_bottom":40}},"df6f199c-e8b4-46e7-8d3f-12e6302e295c":{"type":"block_quote","disabled":true,"settings":{"enable_bg_color":false,"bg_color_content":"#fafafa","title":"Sample Paragraph Text","color_title":"#232323","fontsize_title":14,"margin_bottom_title":12,"content":"Praesent vestibulum congue tellus at fringilla. Curabitur vitae semper sem, eu convallis est. Cras felis nunc commodo eu convallis vitae interdum non nisl. Maecenas ac est sit amet augue pharetra convallis nec danos dui. Cras suscipit quam et turpis eleifend vitae malesuada magna congue. Damus id ullamcorper neque. Sed vitae mi a mi pretium aliquet ac sed elitos. Pellentesque nulla eros accumsan quis justo at tincidunt lobortis deli denimes, suspendisse vestibulum lectus in lectus volutpate.","color_content":"#3c3c3c","fontsize_content":12,"margin_bottom":40}},"d26099c4-9298-4d24-be44-81f36c6a3bac":{"type":"product_block","disabled":true,"settings":{"heading":"Editor’s Picks","position":"content","column":"3","product_block_collection":"collection-home-1-1","product_block_layout":"slider","product_block_limit":5,"product_block_dots":true,"product_block_arrows":true}}},"block_order":["441f2329-1d0c-4d63-bcff-c7281f41bf54","71176645-a609-4ff4-90ca-dc2dedabac94","f1a4c4f6-e343-45a5-93ed-33109f5942ea","c04b7f25-8b25-4edb-a6fc-ed43934d98b4","9d7a0194-0d26-408a-8c12-bd9c7e2feb29","73becaeb-c487-4f3b-93aa-39f4bef40c07","df6f199c-e8b4-46e7-8d3f-12e6302e295c","d26099c4-9298-4d24-be44-81f36c6a3bac"],"disabled":true,"settings":{"container":"1170","padding_full_width":0,"show_breadcrumb":false,"breadcrumb_alignment":"left","breadcrumb_bg":"","breadcrumb_gradient":"","breadcrumb_bg_mb":"#f6f6f6","breadcrumb_gradient_mb":"","show_page_title":true,"page_title_alignment":"left","show_collapse":false,"enable_sticky":false,"sidebar_layout":"layout_1","sidebar_collapse_default":"expand","sidebar_position":"left","sidebar_heading_font":"font_1","sidebar_heading_font_size":14,"sidebar_heading_font_weight":"700","sidebar_heading_text_transform":"uppercase","show_main_img":false,"show_author":true,"show_date":true,"show_tags":true,"show_share":true,"show_next_prev":true,"background_color":"","title_font":"font_2","title_font_size":18,"title_mobile_font_size":18,"title_font_weight":"600","title_text_transform":"capitalize","title_color":"#232323","text_font_size":12,"text_font_weight":"400","text_text_transform":"none","text_color":"#3c3c3c","info_font_size":12,"info_font_weight":"400","info_text_transform":"capitalize","info_font_style":"normal","info_color":"#999999","mg_top_desktop":0,"mg_top_tablet":0,"mg_top_mobile":0,"mg_bottom_desktop":0,"mg_bottom_tablet":0,"mg_bottom_mobile":0}},"rich_text_miXGAK":{"type":"rich-text","blocks":{"text_y4t3gh":{"type":"text","disabled":true,"settings":{"text":"<p>For those learning to pause before they begin again—this scent captures the quiet bravery of returning. Between books and blooming branches, she found a stillness that had long been missing. The scent of oakmoss and spring air carried her not just back to school, but back to herself.<\/p><p>\nA reminder that sometimes, it takes slowing down to truly move forward.<\/p>\n<p style=\"text-align: right;\">\n  – Jill, Founder of MONO.M\n<\/p>","text_size":14,"text_size_mb":12,"text_font_weight":"400","text_line_height":2,"margin_top_text":10,"text_color":"#000000","text_width":"700px"}},"content_KhrbxE":{"type":"content","disabled":true,"settings":{"content_top":"<p>This is a story about quiet courage.\n\nMy former colleague Vivian once told me she had decided to quit—no backup plan, just a clear sense that it was time to move on. That evening, the world felt lighter. The air carried the scent of flowers, damp earth, and freedom.\n\nI told her, “This is a reset.”\nAnd I wished I could bottle that moment—of release, of clarity, of becoming.<\/p>\n<p>— Jill, Founder of MONO.M<\/p>","content_bottom":"","alignment_content":"left","content_size":16,"margin_top_content":20,"content_color":"#000000","content_width":"800px","button_text_more":"Read More","button_text_less":"Read Less","button_text_font_size":14,"button_text_font_weight":"500","margin_top_button_text":30,"button_text_color":"#ffffff","button_text_border_color":"#000000","button_text_bg_color":"#000000","button_text_bg_color_gradient":"","button_text_color_hover":"#000000","button_text_border_color_hover":"#000000","button_text_bg_color_hover":"#ffffff","button_text_bg_color_hover_gradient":"","button_text_more_width":270,"pd_top_button_text":12,"pd_bottom_button_text":12}}},"block_order":["text_y4t3gh","content_KhrbxE"],"disabled":true,"custom_css":["p {padding-left: 30px;}"],"name":"t:sections.rich-text.presets.name","settings":{"container":"1170","padding_full_width":0,"enable_border_top":false,"enable_border_bottom":false,"color_border_bottom":"#e8e8e8","enable_minus_mg_top":false,"minus_spacing_top":-100,"rich_text_bg":"#ffffff","rich_text_bg_gradient":"","enable_column":false,"content_align":"left","mg_top_desktop":50,"mg_top_tablet":50,"mg_top_mobile":50,"mg_bottom_desktop":50,"mg_bottom_tablet":50,"mg_bottom_mobile":50}},"image_banner_hgjQWG":{"type":"image-banner","blocks":{"small_img_acRGEF":{"type":"smallImg","settings":{"row_reverse":true,"image":"{{ article.metafields.custom.tupian_0.value }}","small_img_block_style":"style_1","enable_divider":false,"divider_bg_color":"","content_spacing_right":50,"button_spacing_left":50,"button_pos_from_center":0,"content_pos_from_center":0,"divider_position_from_center":0,"small_banner_bg_color":"","mg_bottom_icon":25,"image_behavior":"none","sub_title":"{{ article.metafields.custom.text_founder.value }}","letter_spacing_sub_title":"","font_size_sub_title":16,"font_size_sub_title_mb":14,"margin_bottom_sub_title":14,"sub_heading_font":"font_1","font_weight_sub_title":"400","sub_title_position":"sub_title_above","color_sub_title":"#232323","heading":"<p right> 2024.11.30<\/p>","letter_spacing_heading":"","font_size_heading":16,"font_size_heading_mb":14,"margin_bottom_heading":20,"font_weight_heading":"400","color_heading":"#232323","text":"","font_size_des":12,"font_size_des_mb":12,"line_height_des":26,"margin_bottom_des":35,"color_des":"#232323","content_width":475,"align":"left","enable_content_border":false,"content_border_color":"#232323","video_link":"","adaptive_height_video":"56","icon_style":"style_1","color_icon":"#ffffff","bg_color_icon":"#000000","button_style":"style_1","btn_text":"","link":"","button_1_width":235,"enable_button_custom_border":false,"button_color":"#ffffff","button_border":"#232323","button_background":"#232323","button_background_gradient":"","button_color_hover":"#ffffff","button_border_hover":"#232323","button_background_hover":"#232323","button_background_gradient_hover":"","btn_2_text":"","link_btn_2":"","button_2_width":235,"button_2_color":"#ffffff","button_2_border":"#232323","button_2_background":"#232323","button_2_background_gradient":"","button_2_color_hover":"#ffffff","button_2_border_hover":"#232323","button_2_background_hover":"#232323","button_2_background_gradient_hover":"","button_2_spacing_top":10}}},"block_order":["small_img_acRGEF"],"name":"t:sections.image-banner.presets.name","settings":{"id_section":"","container":"fullwidth","padding_full_width":0,"display_type":"list","enable_arrows":false,"arrows_position":"","enable_dots":false,"enable_autoplay":false,"list_gap":0,"image_banner_title":"","enable_border_title":false,"color_title":"#202020","fontsize_title":24,"fontsize_title_mb":20,"margin_bottom_title":25,"image_banner_des":"","color_des":"#202020","fontsize_des":16,"title_align":"right","style_bg":"none","bg_color":"","bg_color_gradient":"","mg_top_desktop":0,"mg_top_tablet":0,"mg_top_mobile":0,"mg_bottom_desktop":0,"mg_bottom_tablet":0,"mg_bottom_mobile":0}},"image_banner_4m68Ew":{"type":"image-banner","blocks":{"small_img_efHzhi":{"type":"smallImg","settings":{"row_reverse":false,"image":"{{ article.metafields.custom.tupian_1.value }}","small_img_block_style":"style_1","enable_divider":false,"divider_bg_color":"","content_spacing_right":50,"button_spacing_left":50,"button_pos_from_center":0,"content_pos_from_center":0,"divider_position_from_center":0,"small_banner_bg_color":"","mg_bottom_icon":25,"image_behavior":"none","sub_title":"{{ article.metafields.custom.paragraph_1.value }}","letter_spacing_sub_title":"","font_size_sub_title":16,"font_size_sub_title_mb":14,"margin_bottom_sub_title":14,"sub_heading_font":"font_1","font_weight_sub_title":"400","sub_title_position":"sub_title_above","color_sub_title":"#232323","heading":"#1","letter_spacing_heading":"","font_size_heading":15,"font_size_heading_mb":14,"margin_bottom_heading":20,"font_weight_heading":"400","color_heading":"#232323","text":"","font_size_des":12,"font_size_des_mb":12,"line_height_des":26,"margin_bottom_des":35,"color_des":"#232323","content_width":475,"align":"left","enable_content_border":false,"content_border_color":"#232323","video_link":"","adaptive_height_video":"56","icon_style":"style_1","color_icon":"#ffffff","bg_color_icon":"#000000","button_style":"style_1","btn_text":"","link":"","button_1_width":235,"enable_button_custom_border":false,"button_color":"#ffffff","button_border":"#232323","button_background":"#232323","button_background_gradient":"","button_color_hover":"#ffffff","button_border_hover":"#232323","button_background_hover":"#232323","button_background_gradient_hover":"","btn_2_text":"Shop Now","link_btn_2":"","button_2_width":235,"button_2_color":"#ffffff","button_2_border":"#232323","button_2_background":"#232323","button_2_background_gradient":"","button_2_color_hover":"#ffffff","button_2_border_hover":"#232323","button_2_background_hover":"#232323","button_2_background_gradient_hover":"","button_2_spacing_top":10}}},"block_order":["small_img_efHzhi"],"name":"t:sections.image-banner.presets.name","settings":{"id_section":"","container":"fullwidth","padding_full_width":0,"display_type":"list","enable_arrows":false,"arrows_position":"","enable_dots":false,"enable_autoplay":false,"list_gap":0,"image_banner_title":"","enable_border_title":false,"color_title":"#202020","fontsize_title":24,"fontsize_title_mb":20,"margin_bottom_title":25,"image_banner_des":"","color_des":"#202020","fontsize_des":16,"title_align":"right","style_bg":"none","bg_color":"","bg_color_gradient":"","mg_top_desktop":0,"mg_top_tablet":0,"mg_top_mobile":0,"mg_bottom_desktop":0,"mg_bottom_tablet":0,"mg_bottom_mobile":0}},"image_banner_eTb3aL":{"type":"image-banner","blocks":{"small_img_tcrjLz":{"type":"smallImg","settings":{"row_reverse":true,"image":"{{ article.metafields.custom.tupian_2.value }}","small_img_block_style":"style_1","enable_divider":false,"divider_bg_color":"","content_spacing_right":50,"button_spacing_left":50,"button_pos_from_center":0,"content_pos_from_center":0,"divider_position_from_center":0,"small_banner_bg_color":"","mg_bottom_icon":25,"image_behavior":"none","sub_title":"{{ article.metafields.custom.paragraph2.value }}","letter_spacing_sub_title":"","font_size_sub_title":14,"font_size_sub_title_mb":14,"margin_bottom_sub_title":14,"sub_heading_font":"font_1","font_weight_sub_title":"400","sub_title_position":"sub_title_below","color_sub_title":"#232323","heading":"#2","letter_spacing_heading":"","font_size_heading":12,"font_size_heading_mb":15,"margin_bottom_heading":20,"font_weight_heading":"400","color_heading":"#232323","text":"","font_size_des":12,"font_size_des_mb":12,"line_height_des":26,"margin_bottom_des":35,"color_des":"#232323","content_width":475,"align":"left","enable_content_border":false,"content_border_color":"#232323","video_link":"","adaptive_height_video":"56","icon_style":"style_1","color_icon":"#ffffff","bg_color_icon":"#000000","button_style":"style_1","btn_text":"","link":"","button_1_width":235,"enable_button_custom_border":false,"button_color":"#ffffff","button_border":"#232323","button_background":"#232323","button_background_gradient":"","button_color_hover":"#ffffff","button_border_hover":"#232323","button_background_hover":"#232323","button_background_gradient_hover":"","btn_2_text":"","link_btn_2":"","button_2_width":235,"button_2_color":"#ffffff","button_2_border":"#232323","button_2_background":"#232323","button_2_background_gradient":"","button_2_color_hover":"#ffffff","button_2_border_hover":"#232323","button_2_background_hover":"#232323","button_2_background_gradient_hover":"","button_2_spacing_top":10}}},"block_order":["small_img_tcrjLz"],"name":"t:sections.image-banner.presets.name","settings":{"id_section":"","container":"fullwidth","padding_full_width":0,"display_type":"list","enable_arrows":false,"arrows_position":"","enable_dots":false,"enable_autoplay":false,"list_gap":0,"image_banner_title":"","enable_border_title":false,"color_title":"#202020","fontsize_title":24,"fontsize_title_mb":20,"margin_bottom_title":25,"image_banner_des":"","color_des":"#202020","fontsize_des":16,"title_align":"center","style_bg":"none","bg_color":"","bg_color_gradient":"","mg_top_desktop":0,"mg_top_tablet":0,"mg_top_mobile":0,"mg_bottom_desktop":0,"mg_bottom_tablet":0,"mg_bottom_mobile":0}},"image_banner_rLdAxR":{"type":"image-banner","blocks":{"small_img_LxrRAt":{"type":"smallImg","settings":{"row_reverse":false,"image":"{{ article.metafields.custom.tupian_3.value }}","small_img_block_style":"style_1","enable_divider":true,"divider_bg_color":"","content_spacing_right":50,"button_spacing_left":50,"button_pos_from_center":0,"content_pos_from_center":0,"divider_position_from_center":0,"small_banner_bg_color":"","mg_bottom_icon":25,"image_behavior":"none","sub_title":"{{ article.metafields.custom.paragraph3.value }}","letter_spacing_sub_title":"","font_size_sub_title":14,"font_size_sub_title_mb":14,"margin_bottom_sub_title":14,"sub_heading_font":"font_1","font_weight_sub_title":"400","sub_title_position":"sub_title_above","color_sub_title":"#232323","heading":"#3","letter_spacing_heading":"","font_size_heading":16,"font_size_heading_mb":14,"margin_bottom_heading":20,"font_weight_heading":"400","color_heading":"#232323","text":"","font_size_des":12,"font_size_des_mb":12,"line_height_des":26,"margin_bottom_des":35,"color_des":"#232323","content_width":475,"align":"left","enable_content_border":false,"content_border_color":"#232323","video_link":"","adaptive_height_video":"56","icon_style":"style_1","color_icon":"#ffffff","bg_color_icon":"#000000","button_style":"style_1","btn_text":"","link":"","button_1_width":235,"enable_button_custom_border":false,"button_color":"#ffffff","button_border":"#232323","button_background":"#232323","button_background_gradient":"","button_color_hover":"#ffffff","button_border_hover":"#232323","button_background_hover":"#232323","button_background_gradient_hover":"","btn_2_text":"","link_btn_2":"","button_2_width":235,"button_2_color":"#ffffff","button_2_border":"#232323","button_2_background":"#232323","button_2_background_gradient":"","button_2_color_hover":"#ffffff","button_2_border_hover":"#232323","button_2_background_hover":"#232323","button_2_background_gradient_hover":"","button_2_spacing_top":10}}},"block_order":["small_img_LxrRAt"],"name":"t:sections.image-banner.presets.name","settings":{"id_section":"","container":"fullwidth","padding_full_width":0,"display_type":"slide","enable_arrows":false,"arrows_position":"","enable_dots":false,"enable_autoplay":false,"list_gap":0,"image_banner_title":"","enable_border_title":false,"color_title":"#202020","fontsize_title":24,"fontsize_title_mb":20,"margin_bottom_title":25,"image_banner_des":"","color_des":"#202020","fontsize_des":16,"title_align":"center","style_bg":"none","bg_color":"","bg_color_gradient":"","mg_top_desktop":0,"mg_top_tablet":0,"mg_top_mobile":0,"mg_bottom_desktop":0,"mg_bottom_tablet":0,"mg_bottom_mobile":0}},"image_banner_AEBbpr":{"type":"image-banner","blocks":{"small_img_gP8QXx":{"type":"smallImg","settings":{"row_reverse":true,"image":"{{ article.metafields.custom.tupian_4.value }}","small_img_block_style":"style_1","enable_divider":false,"divider_bg_color":"","content_spacing_right":50,"button_spacing_left":50,"button_pos_from_center":0,"content_pos_from_center":0,"divider_position_from_center":0,"small_banner_bg_color":"","mg_bottom_icon":25,"image_behavior":"none","sub_title":"{{ article.metafields.custom.paragraph4.value }}","letter_spacing_sub_title":"","font_size_sub_title":14,"font_size_sub_title_mb":14,"margin_bottom_sub_title":14,"sub_heading_font":"font_1","font_weight_sub_title":"400","sub_title_position":"sub_title_below","color_sub_title":"#232323","heading":"#4","letter_spacing_heading":"","font_size_heading":12,"font_size_heading_mb":15,"margin_bottom_heading":20,"font_weight_heading":"400","color_heading":"#232323","text":"","font_size_des":12,"font_size_des_mb":12,"line_height_des":26,"margin_bottom_des":35,"color_des":"#232323","content_width":475,"align":"left","enable_content_border":false,"content_border_color":"#232323","video_link":"","adaptive_height_video":"56","icon_style":"style_1","color_icon":"#ffffff","bg_color_icon":"#000000","button_style":"style_1","btn_text":"","link":"","button_1_width":235,"enable_button_custom_border":false,"button_color":"#ffffff","button_border":"#232323","button_background":"#232323","button_background_gradient":"","button_color_hover":"#ffffff","button_border_hover":"#232323","button_background_hover":"#232323","button_background_gradient_hover":"","btn_2_text":"","link_btn_2":"","button_2_width":235,"button_2_color":"#ffffff","button_2_border":"#232323","button_2_background":"#232323","button_2_background_gradient":"","button_2_color_hover":"#ffffff","button_2_border_hover":"#232323","button_2_background_hover":"#232323","button_2_background_gradient_hover":"","button_2_spacing_top":10}}},"block_order":["small_img_gP8QXx"],"name":"t:sections.image-banner.presets.name","settings":{"id_section":"","container":"fullwidth","padding_full_width":0,"display_type":"list","enable_arrows":false,"arrows_position":"","enable_dots":false,"enable_autoplay":false,"list_gap":0,"image_banner_title":"","enable_border_title":false,"color_title":"#202020","fontsize_title":24,"fontsize_title_mb":20,"margin_bottom_title":25,"image_banner_des":"","color_des":"#202020","fontsize_des":16,"title_align":"center","style_bg":"none","bg_color":"","bg_color_gradient":"","mg_top_desktop":0,"mg_top_tablet":0,"mg_top_mobile":0,"mg_bottom_desktop":0,"mg_bottom_tablet":0,"mg_bottom_mobile":0}}},"order":["main","rich_text_miXGAK","image_banner_hgjQWG","image_banner_4m68Ew","image_banner_eTb3aL","image_banner_rLdAxR","image_banner_AEBbpr"]}