{"sections":{"main":{"type":"main-blog-list","blocks":{"275addbb-56b4-4828-a499-03e58376b7c4":{"type":"category","settings":{"heading":"Categories","type":"1_level","link_list":""}},"55c8959f-8115-4017-bf9e-6937d51df687":{"type":"recent_post","settings":{"heading":"RECENT ARTICLES","number":3}},"6543713f-63f0-4882-ad34-5a2cdf3308dd":{"type":"product_block","settings":{"heading":"Featured Products","product_block_collection":"scented-candles","product_block_layout":"slider","product_block_limit":8,"product_block_dots":false,"product_block_arrows":true}},"5ad48b09-ec51-476a-b52c-e12ce0707c61":{"type":"image","settings":{"heading":"","link":""}},"74038a9b-b77e-4134-88bb-bcd7f06fdda1":{"type":"image","settings":{"heading":"","link":""}},"9bcdee17-7ee7-4353-b16c-f7b04bdf5b84":{"type":"text","settings":{"heading":"Custom Block","text":"<p>Custom CMS block displayed at the left sidebar on the Catalog Page. Put your own content here: text, html, images, media... whatever you like.<\/p>\n<p>There are many similar sample content placeholders across the store. All editable from admin panel.<\/p>"}}},"block_order":["275addbb-56b4-4828-a499-03e58376b7c4","55c8959f-8115-4017-bf9e-6937d51df687","6543713f-63f0-4882-ad34-5a2cdf3308dd","5ad48b09-ec51-476a-b52c-e12ce0707c61","74038a9b-b77e-4134-88bb-bcd7f06fdda1","9bcdee17-7ee7-4353-b16c-f7b04bdf5b84"],"settings":{"container":"1170","padding_full_width":0,"show_breadcrumb":true,"breadcrumb_alignment":"left","breadcrumb_bg":"","breadcrumb_gradient":"","breadcrumb_bg_mb":"#f6f6f6","breadcrumb_gradient_mb":"","show_page_title":true,"page_title_alignment":"left","show_collapse":false,"enable_sticky":false,"sidebar_layout":"layout_1","sidebar_collapse_default":"expand","sidebar_position":"right","sidebar_heading_font":"font_1","sidebar_heading_font_size":14,"sidebar_heading_font_weight":"700","sidebar_heading_text_transform":"uppercase","image_ratio":"adapt","portrait_aspect_ratio":70,"limit":5,"item_per_row":"1","show_placeholder":true,"show_date":true,"show_author":true,"show_comment":true,"show_summary":true,"show_read_more":true,"blog_text_align":"left","background_color":"#ffffff","title_color":"#232323","text_color":"#3c3c3c","info_color":"#999999","title_font_size":18,"title_mobile_font_size":16,"title_font_weight":"600","title_text_transform":"capitalize","text_font_size":12,"text_font_weight":"400","text_text_transform":"none","info_font_size":12,"info_font_weight":"400","info_text_transform":"capitalize","info_font_style":"normal","mg_top_desktop":0,"mg_top_tablet":0,"mg_top_mobile":0,"mg_bottom_desktop":0,"mg_bottom_tablet":0,"mg_bottom_mobile":0}}},"order":["main"]}