{"sections":{"banner":{"type":"main-collection-banner","settings":{"show_breadcrumb":true,"breadcrumb_alignment":"left","breadcrumb_color":"#999999","breadcrumb_bg":"rgba(0,0,0,0)","breadcrumb_gradient":"","breadcrumb_color_mb":"","breadcrumb_bg_mb":"#f6f6f6","breadcrumb_gradient_mb":"","show_page_title":true,"page_title_alignment":"left","container":"default","padding_full_width":0,"mg_top_desktop":0,"mg_top_tablet":0,"mg_top_mobile":0,"mg_bottom_desktop":0,"mg_bottom_tablet":0,"mg_bottom_mobile":0,"layout":"1"}},"product-grid":{"type":"main-collection-product-grid","blocks":{"8472dad8-3289-4746-8b7f-e6ebe3175dd5":{"type":"lookbook","settings":{"show_image":true,"image":"{{ collection.image }}","link":"","show_title":true,"page_title_alignment":"left","page_title_text_transform":"none","fontsize_title":24,"margin_top_title":30,"title_color":"#232323","show_collection_description":true,"desc_alignment":"left","desc_pos":"top","fontsize_des":12,"margin_top_des":12,"margin_bottom":25,"des_color":"#3c3c3c"}},"80b0a11c-fb01-4b89-8a29-1dbb2a1db16a":{"type":"category","disabled":true,"settings":{"heading":"Categories","type":"1_level","link_list":""}},"ce351101-2c54-4627-b740-b2c592067b4a":{"type":"filter","disabled":true,"settings":{"heading":"Color","list_tags":"White,Black,Blue,Invory,Beige,Brown,Silver,Olive,Gainsboro,DimGray,Burlywood,Lightblue,Salmon,LightPink,LightCoral"}},"6684d566-6940-4457-9cf9-f1a8a6e80573":{"type":"filter","disabled":true,"settings":{"heading":"Size","list_tags":"S,XS,M,L,XL"}},"3978fd59-b580-49e1-9893-38d762f48f10":{"type":"product_block","disabled":true,"settings":{"heading":"Featured Products","product_block_collection":"collection-home-1-2","product_block_layout":"slider","product_block_limit":3,"product_block_dots":false,"product_block_arrows":true}},"dc4f771a-d1ea-42a7-8792-b895132fa9fe":{"type":"image","disabled":true,"settings":{"heading":"","link":""}},"34930b49-8499-46d3-bf41-2cbb334ca73d":{"type":"image","disabled":true,"settings":{"heading":"","link":""}},"2f7f02ac-4072-40ea-844f-59943e256971":{"type":"text","disabled":true,"settings":{"heading":"Custom Block","text":"<p>Custom CMS block displayed at the left sidebar on the Catalog Page. Put your own content here: text, html, images, media... or whatever you like.<\/p>\n\n<p>There are many similar sample content placeholders across the store. All editable from admin panel.<\/p>"}}},"block_order":["8472dad8-3289-4746-8b7f-e6ebe3175dd5","80b0a11c-fb01-4b89-8a29-1dbb2a1db16a","ce351101-2c54-4627-b740-b2c592067b4a","6684d566-6940-4457-9cf9-f1a8a6e80573","3978fd59-b580-49e1-9893-38d762f48f10","dc4f771a-d1ea-42a7-8792-b895132fa9fe","34930b49-8499-46d3-bf41-2cbb334ca73d","2f7f02ac-4072-40ea-844f-59943e256971"],"settings":{"container":"1770","padding_full_width":0,"colors_bg":"#f5f4ea","colors_bg_gradient":"","sidebar_collapse":"collapse","enable_sticky":false,"sidebar_layout":"layout_1","sidebar_collapse_default":"expand","sidebar_type":"vertical","sidebar_position":"left","sidebar_heading_font":"font_1","sidebar_heading_font_size":14,"sidebar_heading_font_weight":"700","sidebar_heading_text_transform":"uppercase","show_filter":false,"filter_swatch":"Color","filter_swatch_type":"png","filter_swatch_layout":"color","filter_rectangle":"","filter_display_type":"show-more","max_item_per_filter":10,"filter_label_all":"","filter_hidden_tag_list":"","show_toolbar":false,"show_sorting":true,"show_item_per_page":true,"show_view_as":true,"products_per_page":"20","layout":"4","show_infinite_scrolling":"show_more","show_banner":false,"show_banner_1":true,"banner_position_1":"4","link_banner_1":"","show_banner_2":true,"banner_position_2":"5","link_banner_2":"","show_banner_3":true,"banner_position_3":"12","link_banner_3":"","product_space_between_vert_desk":30,"product_space_between_vert_mb":5,"product_space_between_horiz_desk":60,"product_space_between_horiz_mb":15,"mg_top_desktop":0,"mg_top_tablet":0,"mg_top_mobile":0,"mg_bottom_desktop":0,"mg_bottom_tablet":0,"mg_bottom_mobile":0}},"featured_collection_DLbBMd":{"type":"featured-collection","blocks":{"featured_collection_WWjyar":{"type":"featured_collection","settings":{"collection":"","image":"shopify:\/\/shop_images\/Group_206_2.png","content_align":"center","title":"","color_title":"#232323","fontsize_title":20,"color_des":"#3c3c3c","color_hover_des":"#4dac8b","fontsize_des":14,"btn_icon":"","btn_text":"","link":"","color_button":"#ffffff","border_color_button":"#4d4a46","bg_color_button":"#4d4a46","bg_color_gradient_button":"","color_button_hover":"#ffffff","border_color_button_hover":"#4d4a46","bg_color_button_hover":"#4d4a46","bg_color_gradient_button_hover":""}},"featured_collection_nQYBtK":{"type":"featured_collection","settings":{"collection":"","image":"shopify:\/\/shop_images\/image_220.png","content_align":"center","title":"","color_title":"#232323","fontsize_title":20,"color_des":"#3c3c3c","color_hover_des":"#4dac8b","fontsize_des":14,"btn_icon":"","btn_text":"","link":"","color_button":"#ffffff","border_color_button":"#4d4a46","bg_color_button":"#4d4a46","bg_color_gradient_button":"","color_button_hover":"#ffffff","border_color_button_hover":"#4d4a46","bg_color_button_hover":"#4d4a46","bg_color_gradient_button_hover":""}}},"block_order":["featured_collection_WWjyar","featured_collection_nQYBtK"],"name":"t:sections.featured-collection.name","settings":{"container":"1770","padding_full_width":0,"column":"2","featured_collection_bg":"#f5f4ea","featured_collection_bg_gradient":"","featured_collection_block_title":"How refills work","enable_border_title":false,"color_title":"#202020","fontsize_title":30,"fontsize_title_mb":18,"featured_collection_block_btn_text":"","featured_collection_block_btn_link":"","btn_color":"#3c3c3c","fontsize_btn":16,"btn_icon":"","btn_icon_color":"#eb492f","title_align":"center","featured_collection_block_swipe_on_mobile":false,"mg_top_desktop":50,"mg_top_tablet":50,"mg_top_mobile":10,"mg_bottom_desktop":10,"mg_bottom_tablet":10,"mg_bottom_mobile":10}},"custom_service_block_gEeqbP":{"type":"custom-service-block","blocks":{"text_wLpHyG":{"type":"Text","settings":{"bg_color_block":"#f8f8f8","border_block":"#f8f8f8","icon_type":"text","icon":"","width_icon":64,"height_icon":64,"mg_bottom_icon":45,"color_icon":"#3c3c3c","text":"Eco Friendly","type_tab_font":"font_1","fontsize_title_block":18,"fontsize_title_block_mb":15,"title_block_font_weight":"700","mg_bottom_title":15,"mg_bottom_title_mb":0,"color_block":"#232323","description":"Refills reduce waste by reusing your candle jars, which is better for the planet.","fontsize_des_block":16,"fontsize_des_block_mb":12,"lineheight_des_block":22,"mg_bottom_des":0,"color_des_block":"#3c3c3c","button":"","link":"","button_style":"style1","fontsize_button":14,"button_width":235,"fontweight_button":"500","enable_underline_button":false,"color_button":"#ba7a2d","button_border":"","button_background":"","button_background_gradient":"","button_color_hover":"#ba7a2d","button_border_hover":"","button_background_hover":"","button_background_gradient_hover":""}},"text_3VQJgH":{"type":"Text","settings":{"bg_color_block":"#f8f8f8","border_block":"#f8f8f8","icon_type":"text","icon":"","width_icon":64,"height_icon":64,"mg_bottom_icon":45,"color_icon":"#3c3c3c","text":"Budget Friendly","type_tab_font":"font_1","fontsize_title_block":18,"fontsize_title_block_mb":15,"title_block_font_weight":"700","mg_bottom_title":15,"mg_bottom_title_mb":0,"color_block":"#232323","description":"Save money by only replacing the wax, not the whole candle.","fontsize_des_block":16,"fontsize_des_block_mb":12,"lineheight_des_block":22,"mg_bottom_des":0,"color_des_block":"#3c3c3c","button":"","link":"","button_style":"style1","fontsize_button":14,"button_width":235,"fontweight_button":"500","enable_underline_button":false,"color_button":"#ba7a2d","button_border":"","button_background":"","button_background_gradient":"","button_color_hover":"#ba7a2d","button_border_hover":"","button_background_hover":"","button_background_gradient_hover":""}},"text_g4AbnL":{"type":"Text","settings":{"bg_color_block":"#f8f8f8","border_block":"#f8f8f8","icon_type":"text","icon":"","width_icon":64,"height_icon":64,"mg_bottom_icon":45,"color_icon":"#3c3c3c","text":"Keep the Good Stuff","type_tab_font":"font_1","fontsize_title_block":18,"fontsize_title_block_mb":15,"title_block_font_weight":"700","mg_bottom_title":15,"mg_bottom_title_mb":0,"color_block":"#232323","description":"Refill your favorite jar and scent without starting from scratch.","fontsize_des_block":16,"fontsize_des_block_mb":12,"lineheight_des_block":22,"mg_bottom_des":0,"color_des_block":"#3c3c3c","button":"","link":"","button_style":"style1","fontsize_button":14,"button_width":235,"fontweight_button":"500","enable_underline_button":false,"color_button":"#ba7a2d","button_border":"","button_background":"","button_background_gradient":"","button_color_hover":"#ba7a2d","button_border_hover":"","button_background_hover":"","button_background_gradient_hover":""}}},"block_order":["text_wLpHyG","text_3VQJgH","text_g4AbnL"],"name":"t:sections.custom_service_block.name","settings":{"id_section":"","container":"container","padding_full_width":0,"display_border_top":false,"display_border_bottom":false,"border_color":"#d0d0d0","service_block_swipe_on_mobile":"list","color_icon_slider":"#212121","service_block_style":"style_1","policies_bg":"#f5f4ea","policies_bg_gradient":"","service_block_title":"Why are candle resills?","enable_border_title":false,"color_title":"#000000","fontsize_title":22,"fontsize_title_mb":18,"mg_bottom_title_service_block":20,"mg_bottom_title_service_block_mb":5,"service_block_des":"","service_block_des_pos":"bottom","color_des":"#000000","fontsize_des":16,"mg_top_service_block_des":50,"mg_bottom_service_block_des":0,"view_all":"","view_all_align":"center","font_weight_view_all":"400","mg_top_view":0,"mg_bottom_view":30,"enable_border_view_all":true,"link_view_all":"","color_view_all":"#3c3c3c","icon_view_all":"","color_view_all_icon":"#eb492f","title_align":"center","item_width":"full_width","border_item":"none","enable_item_distance":true,"enable_hover_box_shadow":false,"enable_hover_effects_top":false,"item_padding_top":13,"item_padding_bottom":13,"item_padding_left_right":40,"item_radius":4,"grid_gap":30,"item_align":"center","enable_block_bottom":false,"bg_block_bottom":"#000000","btn_text_block_bottom":"Shop Now","button_link_block_bottom":"","button_1_width_block_bottom":235,"button_color_block_bottom":"#ffffff","button_border_block_bottom":"#232323","button_background_block_bottom":"#232323","button_background_gradient_block_bottom":"","button_color_hover_block_bottom":"#ffffff","button_border_hover_block_bottom":"#232323","button_background_hover_block_bottom":"#232323","button_background_gradient_hover_block_bottom":"","btn_2_text_block_bottom":"","button_link_2_block_bottom":"","button_2_width_block_bottom":235,"button_2_color_block_bottom":"#ffffff","button_2_border_block_bottom":"#232323","button_2_background_block_bottom":"#232323","button_2_background_gradient_block_bottom":"","button_2_color_hover_block_bottom":"#ffffff","button_2_border_hover_block_bottom":"#232323","button_2_background_hover_block_bottom":"#232323","button_2_background_gradient_hover_block_bottom":"","mg_top_desktop":50,"mg_top_tablet":50,"mg_top_mobile":30,"mg_bottom_desktop":50,"mg_bottom_tablet":50,"mg_bottom_mobile":0}},"product-recently-viewed":{"type":"product-recently-viewed","disabled":true,"settings":{"display_product_recently_viewed":true,"product_recently_viewed_container":"container","padding_full_width":0,"enable_border_top":true,"enable_border_bottom":false,"color_border_bottom":"#e8e8e8","border_style":"container","mg_top_desktop":0,"mg_top_tablet":0,"mg_top_mobile":0,"mg_bottom_desktop":0,"mg_bottom_tablet":0,"mg_bottom_mobile":0,"product_recently_viewed_layout":"slider","product_bg":"#ffffff","product_bg_gradient":"","style_block_header":"style1","product_recently_viewed_title":"Recently Viewed Products","enable_border_title":false,"mg_top_title":26,"mg_bottom_title":3,"fontsize_title":18,"fontsize_title_mb":18,"border_color_title":"#232323","color_title":"#232323","product_recently_viewed_title_align":"center","product_recently_viewed_limit":10,"product_recently_viewed_image_ratio":"adapt","grid_gap":30,"product_recently_viewed_per_row":"5","product_recently_viewed_swipe_on_mobile":true,"product_recently_viewed_dots":false,"product_recently_viewed_dots_mb":true,"product_recently_viewed_arrows":true,"product_recently_viewed_arrows_mb":false,"product_recently_viewed_show":"5","product_block_per_view":"4","show_half":true,"scroll_height":4,"scroll_track_bg":"#f1f1f1","scroll_thumb_color":"#000000","scroll_thumb_hover_color":"#444444","enable_layout_special":false,"bg_card":"#ffffff","padding_card":15,"border_radius_card":5,"border_layout_card":"full","border_width_card":5,"border_color_card":"#f0f1f4"}},"custom_press_banner_cn4NhM":{"type":"custom-press-banner","custom_css":[".custom-image-banner-block .section-block-banner-image .img-box,.custom-image-banner-block.section-block-template--16841224781926__custom_press_banner_UDKhha {background-position: left bottom !important;}"],"name":"t:sections.custom_press_banner.presets.name","settings":{"container":"fullwidth","padding_full_width":25,"press_bg":"#232323","press_gradient":"","press_bg_image":"shopify:\/\/shop_images\/WX20250427-190342_2x_3.png","align_items":"center","press_image":"shopify:\/\/shop_images\/Group_208.png","press_image_width":650,"press_image_width_ratio":51,"sub_title":"","letter_spacing_sub_title":"","font_size_sub_title":14,"font_size_sub_title_mb":14,"margin_bottom_sub_title":14,"font_weight_sub_title":"700","sub_title_position":"sub_title_above","color_sub_title":"#232323","title":"","title_font_size":80,"title_font_size_mb":20,"title_font_weight":"700","mg_bottom_title":15,"title_color":"#000000","des":"","des_font_size":12,"des_font_size_mb":12,"des_font_weight":"400","mg_bottom_des":15,"des_color":"#000000","item_spacing":120,"content_max_width":260,"button_text":"","button_link":"","fontsize_btn":16,"button_width":190,"color_button":"#ffffff","border_color_button":"#232323","bg_color_button":"#232323","bg_gradient_color_button":"","color_button_hover":"#ffffff","border_color_button_hover":"#232323","bg_color_button_hover":"#232323","bg_gradient_color_button_hover":"","btn_text_transform":"uppercase","image_behavior":"none","mg_top_desktop":50,"mg_top_tablet":50,"mg_top_mobile":50,"mg_bottom_desktop":50,"mg_bottom_tablet":50,"mg_bottom_mobile":50}}},"order":["banner","product-grid","featured_collection_DLbBMd","custom_service_block_gEeqbP","product-recently-viewed","custom_press_banner_cn4NhM"]}