{"sections":{"16321237356a896dad":{"type":"slide-show","blocks":{"16321237356a896dad-0":{"type":"image","settings":{"image_slide":"shopify:\/\/shop_images\/u7983356882_Forest_in_the_valley_real_photography_--v_6.1_c3d7b99d-f774-4a4b-9e7a-99ceb685dae6_0_1_2.png","alignment":"center","enable_custom_position":false,"custom_horizontal":"40","custom_vertical":"40","enable_position_outside_image":false,"enable_border_line":false,"padding_vertical":10,"content_width":475,"text_alignment":"center","text_alignment_mb":"center","enable_content_fullwidth":true,"border_color_content":"","bg_color_content":"","profile_spacing_bottom":50,"profile_name":"","profile_name_color":"","profile_name_fs":20,"profile_name_fs_mb":20,"profile_name_fw":"normal","profile_title":"","profile_title_color":"","profile_title_fs":20,"profile_title_fs_mb":20,"profile_title_fw":"normal","sub_heading":"","letter_spacing_sub_title":"","font_size_sub_heading":30,"sub_heading_spacing_bottom":20,"sub_heading_font":"font_2","font_weight_sub_heading":"400","border_sub_heading":"none","sub_title_position":"sub_title_above","color_sub_heading":"#ffffff","heading":"","letter_spacing_heading":"","enable_border_heading":true,"font_style_heading":"normal","font_size_heading":40,"line_height_heading":40,"heading_spacing_bottom":20,"color_heading":"#232323","slide-des":"","font_size_des":12,"line_height_des":22,"des_spacing_bottom":35,"color_des":"#232323","sub_heading_mb":"","font_size_sub_heading_mb":20,"sub_heading_spacing_bottom_mb":20,"font_weight_sub_heading_mb":"400","border_sub_heading_mb":"none","color_sub_heading_mb":"#ffffff","heading_mb":"","font_style_heading_mb":"normal","font_size_heading_mb":24,"line_height_heading_mb":24,"heading_spacing_bottom_mb":8,"color_heading_mb":"#ffffff","slide-des-mb":"gg","font_size_des_mb":52,"des_spacing_bottom_mb":35,"color_des_mb":"#f1ef7b","enable_icon_button":false,"enable_button_link":true,"enable_underline":true,"font_size_link":36,"button_slide":"","link":"shopify:\/\/collections\/new-in","button_style":"button","button_slide_2":"","link_2":"","min_width_banner_button":195,"color_button":"#ffffff","border_button":"#232323","bg_button":"#232323","bg_button_gradient":"","color_button_hover":"#232323","border_button_hover":"#232323","bg_button_hover":"#ffffff","bg_button_gradient_hover":"","use_contrasting_colors":false,"lb_product_1":"","horizontal_pos_1":50,"vertical_pos_1":0,"lookbook_pos_1":"right","lb_product_2":"","horizontal_pos_2":0,"vertical_pos_2":0,"lookbook_pos_2":"right","lb_product_3":"","horizontal_pos_3":0,"vertical_pos_3":0,"lookbook_pos_3":"right"}}},"block_order":["16321237356a896dad-0"],"settings":{"container":"fullwidth","padding_full_width":0,"slideshow_background":"","slideshow_background_gradient":"","autoplay":true,"slideshow_speed":"5000","slideshow_transition":"true","dots":"true","dots_color":"#707979","dots_border_color":"#707979","dots_active_color":"rgba(0,0,0,0)","dots_active_border_color":"#505656","dots_direction":"bottom","dots_shape":"disc","position_slick_dots":"25px","dots_opacity":false,"dot_with_image":false,"dot_width":66,"dot_width_active":130,"dot_width_mb":38,"dot_width_active_mb":65,"arrow_active":true,"enable_custom_arrow":false,"arrow_width":35,"arrow_height":35,"arrow_size_icon":17,"arrow_color":"#666d6d","arrow_border_color":"#666d6d","arrow_bg_color":"rgba(0,0,0,0)","arrow_color_hover":"","arrow_border_color_hover":"","arrow_bg_color_hover":"","position_slick_arrow":"10%","position_vertical_slick_arrow":"50%","image_behavior":"zoom-in","video_height":"41.7%","video_height_mb":"41.7%","auto_playvideo":true,"enable_categories":false,"text_categories":"Shop by categories","title_color":"#ffffff","bg_title":"#fd6506","text_icon_color":"#202020","menu_category":"","enable_banner":false,"lookbook_style":"1","enable_lookbook_width":false,"lookbook_width":250,"dot_desktop_size":24,"dot_mobile_size":16,"dot_inner_color":"#000000","dot_shadow_color":"#ffffff","dot_outer_color":"#ffffff","show_dot_number":false,"show_dot_number_mobile":false,"show_plus_icon":false,"number_desktop_size":24,"number_mobile_size":16,"lookbook_truncate":"1","mg_top_desktop":0,"mg_top_tablet":0,"mg_top_mobile":0,"mg_bottom_desktop":0,"mg_bottom_tablet":0,"mg_bottom_mobile":0}},"rich_text_f3kkrV":{"type":"rich-text","blocks":{"heading_X9hCCK":{"type":"heading","settings":{"heading":"New beginnings, special savings","heading_size":31,"heading_size_mb":20,"heading_line_height":3,"heading_color":"#000000"}},"text_R4jbxG":{"type":"text","settings":{"text":"Celebrate our grand opening with 15% off!","text_size":15,"text_size_mb":13,"text_font_weight":"400","text_line_height":2,"margin_top_text":15,"text_color":"#000000","text_width":"800px"}},"button_eUMk8H":{"type":"button","settings":{"button_style":"button_1","button_label":"SHOP THE SALE","button_link":"shopify:\/\/collections\/2024-winter","margin_top_button":25,"enable_underline_button":false,"button_color":"#000000","button_border_color":"#000000","button_bg_color":"#000000","button_bg_gradient":"linear-gradient(279deg, rgba(213, 255, 88, 0.34), rgba(255, 231, 97, 0.57) 34%, rgba(255, 253, 104, 0.84) 62.59%, rgba(255, 204, 75, 0.78) 94%)","button_color_hover":"#000000","button_border_color_hover":"#000000","button_bg_color_hover":"#ffffff","button_bg_gradient_hover":"","button_width":"170px"}}},"block_order":["heading_X9hCCK","text_R4jbxG","button_eUMk8H"],"settings":{"container":"container","padding_full_width":0,"enable_border_top":false,"enable_border_bottom":false,"color_border_bottom":"#e8e8e8","enable_minus_mg_top":false,"minus_spacing_top":-100,"rich_text_bg":"#ffffff","rich_text_bg_gradient":"","enable_column":false,"content_align":"center","mg_top_desktop":30,"mg_top_tablet":30,"mg_top_mobile":15,"mg_bottom_desktop":30,"mg_bottom_tablet":30,"mg_bottom_mobile":15}},"rich_text_fW7rQc":{"type":"rich-text","blocks":{"sub_heading_RGbWJh":{"type":"sub_heading","settings":{"sub_heading":"New collection has arrived, just like us.","font_weight_sub_heading":"400","sub_heading_size":18,"margin_top_sub_heading":0,"sub_heading_color":"#ffffff"}}},"block_order":["sub_heading_RGbWJh"],"settings":{"container":"container","padding_full_width":0,"enable_border_top":false,"enable_border_bottom":false,"color_border_bottom":"#e8e8e8","enable_minus_mg_top":false,"minus_spacing_top":-100,"rich_text_bg":"rgba(0,0,0,0)","rich_text_bg_gradient":"linear-gradient(26deg, rgba(30, 78, 38, 1), rgba(79, 132, 90, 1) 22%, rgba(112, 167, 24, 0.89) 45%, rgba(134, 180, 110, 1) 73%, rgba(122, 148, 131, 0.8) 100%)","rich_text_bg_image":"shopify:\/\/shop_images\/WX20250427-185822_2x_5e36aa1f-231c-4108-8730-fc68b98c545c.png","enable_column":false,"content_align":"left","mg_top_desktop":0,"mg_top_tablet":15,"mg_top_mobile":10,"mg_bottom_desktop":10,"mg_bottom_tablet":15,"mg_bottom_mobile":10}},"product_tab_block_hnphxh":{"type":"product-tab-block","blocks":{"product_tabs_KzxkiN":{"type":"ProductTabs","settings":{"title":"","collection":"scented-candles"}}},"block_order":["product_tabs_KzxkiN"],"custom_css":[".product-tab-block {padding-top: 0px !important;}",".list-tabs-center {height: 0px; margin: 5px;}",".link-underline {margin: 1px; height: 16px;}",".card-price {margin-bottom: 5px;}",".wrapper__card {margin-top: 5px;}",".card-action {padding: 0px;}"],"settings":{"container":"container","padding_full_width":0,"product_bg":"#ffffff","product_bg_gradient":"","product_block_layout":"grid","product_block_limit":4,"product_block_title":"Ceramic candle refills","fontsize_title":18,"fontsize_title_mb":13,"mg_bottom_title":0,"enable_border_title":false,"border_color_title":"#232323","enable_border_title2":false,"border_color_title2":"#232323","color_title":"#232323","title_align":"left","view_all_style":"style_1","view_all":"","font_weight_view_all":"400","mg_bottom_view":20,"link_view_all":"","color_view_all":"#3c3c3c","image_behavior":"none","product_block_per_row":"4","product_block_infinite_scroll":false,"min_width_button":"","product_block_dots":false,"product_block_dots_mb":true,"product_block_arrows":true,"product_block_arrows_mb":false,"product_block_arrows_custom_position":false,"product_block_progress_bar":false,"enable_infinite":true,"product_block_show":"4","product_block_per_view":"4","show_half":false,"scroll_height":2,"scroll_track_bg":"#f1f1f1","scroll_thumb_color":"#000000","scroll_thumb_hover_color":"#444444","position":"left","width_banner":20,"tab_title_style":"style_2","mg_bottom_title_tab":0,"type_tab_font":"font_1","separation":false,"style_separation":"style2","color_separation":"","enable_scroll_title":false,"fontsize_tab":10,"fontsize_tab_mb":10,"font_weight_tab":"400","font_weight_active_tab":"400","spacing_between_title":0,"line_height_tab":1,"line_height_tab_mobile":1,"border_tab_radius":3,"min_width_tab":5,"border_width_tab":3,"tab_align":"center","color_tab":"#232323","border_color_tab":"","bg_color_tab":"#ffffff","bg_color_gradient_tab":"","color_tab_active":"#232323","bg_color_tab_active":"#f8f8f8","bg_color_gradient_tab_active":"","mg_top_desktop":50,"mg_top_tablet":50,"mg_top_mobile":10,"mg_bottom_desktop":50,"mg_bottom_tablet":50,"mg_bottom_mobile":0}},"rich_text_87qnTG":{"type":"rich-text","blocks":{"heading_C4KYfE":{"type":"heading","settings":{"heading":"Shop candle refills for sustainability.","heading_size":18,"heading_size_mb":16,"heading_line_height":0,"heading_color":"#ffffff"}},"text_zKcbk8":{"type":"text","settings":{"text":"<p>Fit our ceramic containers, easy to replace, and more cost-effective<\/p>","text_size":16,"text_size_mb":10,"text_font_weight":"400","text_line_height":1,"margin_top_text":0,"text_color":"#ffffff","text_width":"800px"}}},"block_order":["heading_C4KYfE","text_zKcbk8"],"settings":{"container":"container","padding_full_width":0,"enable_border_top":false,"enable_border_bottom":false,"color_border_bottom":"#e8e8e8","enable_minus_mg_top":false,"minus_spacing_top":-100,"rich_text_bg":"#ffffff","rich_text_bg_gradient":"linear-gradient(110deg, rgba(30, 78, 38, 1) 2%, rgba(79, 132, 90, 1) 22%, rgba(112, 167, 24, 0.89) 45%, rgba(134, 180, 110, 1) 73%, rgba(122, 148, 131, 1) 97%)","rich_text_bg_image":"shopify:\/\/shop_images\/WX20250427-185822_2x_5e36aa1f-231c-4108-8730-fc68b98c545c.png","enable_column":false,"content_align":"left","mg_top_desktop":15,"mg_top_tablet":15,"mg_top_mobile":10,"mg_bottom_desktop":15,"mg_bottom_tablet":15,"mg_bottom_mobile":10}},"product_tab_block_8H9iMH":{"type":"product-tab-block","blocks":{"product_tabs_denjLR":{"type":"ProductTabs","settings":{"title":"","collection":"refills"}}},"block_order":["product_tabs_denjLR"],"custom_css":[".product-tab-block {padding-top: 0px !important;}",".list-tabs-center {height: 0px; margin: 5px;}",".link-underline {margin: 1px; height: 16px;}",".card-price {margin-bottom: 5px;}",".wrapper__card {margin-top: 5px;}",".card-action {padding: 0px;}",".products-carousel {margin-bottom: 0px;}",".slider-progress-bar {height: 10px; background-color: #f5f4ea;}",".slick-dots {height: 40px;}"],"settings":{"container":"container","padding_full_width":0,"product_bg":"#ffffff","product_bg_gradient":"","product_block_layout":"slider","product_block_limit":8,"product_block_title":"Candle refills","fontsize_title":18,"fontsize_title_mb":15,"mg_bottom_title":0,"enable_border_title":true,"border_color_title":"#232323","enable_border_title2":false,"border_color_title2":"#232323","color_title":"#232323","title_align":"left","view_all_style":"style_2","view_all":"","font_weight_view_all":"700","mg_bottom_view":1,"link_view_all":"","color_view_all":"#3c3c3c","image_behavior":"none","product_block_per_row":"4","product_block_infinite_scroll":true,"min_width_button":"","product_block_dots":true,"product_block_dots_mb":true,"product_block_arrows":true,"product_block_arrows_mb":false,"product_block_arrows_custom_position":false,"product_block_progress_bar":true,"enable_infinite":true,"product_block_show":"4","product_block_per_view":"2","show_half":true,"scroll_height":2,"scroll_track_bg":"#f1f1f1","scroll_thumb_color":"#000000","scroll_thumb_hover_color":"#444444","position":"left","width_banner":20,"tab_title_style":"style_1","mg_bottom_title_tab":0,"type_tab_font":"font_1","separation":true,"style_separation":"style2","color_separation":"","enable_scroll_title":true,"fontsize_tab":10,"fontsize_tab_mb":10,"font_weight_tab":"700","font_weight_active_tab":"700","spacing_between_title":0,"line_height_tab":1,"line_height_tab_mobile":1,"border_tab_radius":3,"min_width_tab":5,"border_width_tab":3,"tab_align":"center","color_tab":"#232323","border_color_tab":"","bg_color_tab":"#ffffff","bg_color_gradient_tab":"","color_tab_active":"#232323","bg_color_tab_active":"#f8f8f8","bg_color_gradient_tab_active":"","mg_top_desktop":15,"mg_top_tablet":15,"mg_top_mobile":30,"mg_bottom_desktop":10,"mg_bottom_tablet":0,"mg_bottom_mobile":0}},"rich_text_8XaMWM":{"type":"rich-text","blocks":{"heading_XcEwk8":{"type":"heading","settings":{"heading":"Build up your own bundle","heading_size":18,"heading_size_mb":16,"heading_line_height":1,"heading_color":"#f5f4ea"}}},"block_order":["heading_XcEwk8"],"name":"t:sections.rich-text.presets.name","settings":{"container":"container","padding_full_width":0,"enable_border_top":false,"enable_border_bottom":false,"color_border_bottom":"#e8e8e8","enable_minus_mg_top":false,"minus_spacing_top":-100,"rich_text_bg":"#ffffff","rich_text_bg_gradient":"","rich_text_bg_image":"shopify:\/\/shop_images\/WX20250427-185822_2x_5e36aa1f-231c-4108-8730-fc68b98c545c.png","enable_column":false,"content_align":"left","mg_top_desktop":50,"mg_top_tablet":15,"mg_top_mobile":10,"mg_bottom_desktop":50,"mg_bottom_tablet":15,"mg_bottom_mobile":10}},"slide_show_VikWbA":{"type":"slide-show","blocks":{"image_78d9xU":{"type":"image","settings":{"image_slide":"shopify:\/\/shop_images\/image_237.png","image_slide_mb":"shopify:\/\/shop_images\/image_237.png","alignment":"center","enable_custom_position":false,"custom_horizontal":"","custom_vertical":"","enable_position_outside_image":false,"enable_border_line":false,"padding_vertical":30,"content_width":475,"text_alignment":"center","text_alignment_mb":"center","enable_content_fullwidth":false,"border_color_content":"","bg_color_content":"","profile_spacing_bottom":50,"profile_name":"","profile_name_color":"","profile_name_fs":20,"profile_name_fs_mb":20,"profile_name_fw":"normal","profile_title":"","profile_title_color":"","profile_title_fs":20,"profile_title_fs_mb":20,"profile_title_fw":"normal","sub_heading":"","letter_spacing_sub_title":"","font_size_sub_heading":30,"sub_heading_spacing_bottom":20,"sub_heading_font":"font_2","font_weight_sub_heading":"400","border_sub_heading":"none","sub_title_position":"sub_title_above","color_sub_heading":"#ffffff","heading":"<p>MEET YOUR GO-TO SCENT<\/p>","letter_spacing_heading":"","enable_border_heading":false,"font_style_heading":"normal","font_size_heading":40,"line_height_heading":40,"heading_spacing_bottom":8,"color_heading":"#ffffff","slide-des":"\u2028ENJOY BIG SAVINGS","font_size_des":12,"line_height_des":22,"des_spacing_bottom":35,"color_des":"#232323","sub_heading_mb":"","font_size_sub_heading_mb":20,"sub_heading_spacing_bottom_mb":20,"font_weight_sub_heading_mb":"400","border_sub_heading_mb":"none","color_sub_heading_mb":"#ffffff","heading_mb":"MEET YOUR GO-TO SCENT","font_style_heading_mb":"normal","font_size_heading_mb":24,"line_height_heading_mb":20,"heading_spacing_bottom_mb":20,"color_heading_mb":"#f5f4ea","slide-des-mb":"\u2028ENJOY BIG SAVINGS","font_size_des_mb":20,"des_spacing_bottom_mb":100,"color_des_mb":"#f5f4ea","enable_icon_button":false,"enable_button_link":false,"enable_underline":true,"font_size_link":36,"button_slide":"Shop The Collection","link":"shopify:\/\/pages\/bundle-builder-with-big-discount","button_style":"button_2","button_slide_2":"","link_2":"","min_width_banner_button":270,"color_button":"#3c3c3c","border_button":"#727272","bg_button":"#232323","bg_button_gradient":"linear-gradient(281deg, rgba(215, 203, 207, 1), rgba(221, 193, 199, 1) 47%, rgba(199, 211, 220, 1) 100%)","color_button_hover":"#ffffff","border_button_hover":"#232323","bg_button_hover":"#232323","bg_button_gradient_hover":"","use_contrasting_colors":false,"lb_product_1":"","horizontal_pos_1":0,"vertical_pos_1":0,"lookbook_pos_1":"right","lb_product_2":"","horizontal_pos_2":0,"vertical_pos_2":0,"lookbook_pos_2":"right","lb_product_3":"","horizontal_pos_3":0,"vertical_pos_3":0,"lookbook_pos_3":"right"}}},"block_order":["image_78d9xU"],"settings":{"container":"fullwidth","padding_full_width":0,"slideshow_background":"#f5f4ea","slideshow_background_gradient":"","autoplay":false,"slideshow_speed":"5000","slideshow_transition":"false","dots":"shape","dots_color":"#707979","dots_border_color":"#707979","dots_active_color":"rgba(0,0,0,0)","dots_active_border_color":"#505656","dots_direction":"left","dots_shape":"disc","position_slick_dots":"px","dots_opacity":false,"dot_with_image":false,"dot_width":66,"dot_width_active":130,"dot_width_mb":38,"dot_width_active_mb":65,"arrow_active":false,"enable_custom_arrow":false,"arrow_width":35,"arrow_height":35,"arrow_size_icon":17,"arrow_color":"#666d6d","arrow_border_color":"#666d6d","arrow_bg_color":"#ffffff","arrow_color_hover":"","arrow_border_color_hover":"","arrow_bg_color_hover":"","position_slick_arrow":"10%","position_vertical_slick_arrow":"50%","image_behavior":"none","video_height":"41.7%","video_height_mb":"41.7%","auto_playvideo":false,"enable_categories":false,"text_categories":"","title_color":"#ffffff","bg_title":"#fd6506","text_icon_color":"#202020","menu_category":"","enable_banner":false,"lookbook_style":"1","enable_lookbook_width":false,"lookbook_width":250,"dot_desktop_size":24,"dot_mobile_size":16,"dot_inner_color":"#000000","dot_shadow_color":"#ffffff","dot_outer_color":"#ffffff","show_dot_number":false,"show_dot_number_mobile":false,"show_plus_icon":false,"number_desktop_size":24,"number_mobile_size":16,"lookbook_truncate":"1","mg_top_desktop":50,"mg_top_tablet":50,"mg_top_mobile":0,"mg_bottom_desktop":50,"mg_bottom_tablet":50,"mg_bottom_mobile":0}},"rich_text_VYnn4w":{"type":"rich-text","blocks":{"heading_E484Eb":{"type":"heading","settings":{"heading":"Want to dicover something new?","heading_size":20,"heading_size_mb":20,"heading_line_height":1,"heading_color":"#000000"}}},"block_order":["heading_E484Eb"],"disabled":true,"settings":{"container":"container","padding_full_width":0,"enable_border_top":false,"enable_border_bottom":false,"color_border_bottom":"#e8e8e8","enable_minus_mg_top":false,"minus_spacing_top":-100,"rich_text_bg":"#ffffff","rich_text_bg_gradient":"linear-gradient(127deg, rgba(164, 245, 191, 0.59), rgba(176, 245, 233, 0.59) 17.986%, rgba(213, 249, 224, 1) 34%, rgba(168, 245, 207, 0.59) 48%, rgba(172, 245, 221, 0.59) 56%, rgba(198, 245, 168, 0.74) 80%, rgba(125, 198, 245, 0.44) 100%)","enable_column":false,"content_align":"left","mg_top_desktop":10,"mg_top_tablet":10,"mg_top_mobile":10,"mg_bottom_desktop":10,"mg_bottom_tablet":10,"mg_bottom_mobile":10}},"rich_text_RCXM7d":{"type":"rich-text","blocks":{"heading_JrPLQd":{"type":"heading","settings":{"heading":"What Makes Us Unique?","heading_size":25,"heading_size_mb":25,"heading_line_height":1,"heading_color":"#ffffff"}}},"block_order":["heading_JrPLQd"],"disabled":true,"settings":{"container":"container","padding_full_width":0,"enable_border_top":false,"enable_border_bottom":false,"color_border_bottom":"#e8e8e8","enable_minus_mg_top":false,"minus_spacing_top":-100,"rich_text_bg":"#ffffff","rich_text_bg_gradient":"linear-gradient(14deg, rgba(30, 78, 38, 1), rgba(79, 132, 90, 1) 22%, rgba(112, 167, 24, 1) 60%, rgba(134, 180, 110, 1) 92%)","enable_column":false,"content_align":"left","mg_top_desktop":10,"mg_top_tablet":10,"mg_top_mobile":10,"mg_bottom_desktop":10,"mg_bottom_tablet":10,"mg_bottom_mobile":10}},"rich_text_wDk9aG":{"type":"rich-text","blocks":{"heading_J3xUEQ":{"type":"heading","settings":{"heading":"What makes us unique?","heading_size":18,"heading_size_mb":16,"heading_line_height":1,"heading_color":"#f5f4ea"}}},"block_order":["heading_J3xUEQ"],"name":"t:sections.rich-text.presets.name","settings":{"container":"container","padding_full_width":0,"enable_border_top":false,"enable_border_bottom":false,"color_border_bottom":"#e8e8e8","enable_minus_mg_top":false,"minus_spacing_top":-100,"rich_text_bg":"#ffffff","rich_text_bg_gradient":"","rich_text_bg_image":"shopify:\/\/shop_images\/WX20250427-185822_2x_5e36aa1f-231c-4108-8730-fc68b98c545c.png","enable_column":false,"content_align":"left","mg_top_desktop":15,"mg_top_tablet":15,"mg_top_mobile":10,"mg_bottom_desktop":15,"mg_bottom_tablet":15,"mg_bottom_mobile":10}},"custom_service_block_BXXV84":{"type":"custom-service-block","blocks":{"text_mVUr3y":{"type":"Text","settings":{"bg_color_block":"rgba(0,0,0,0)","border_block":"rgba(0,0,0,0)","icon_type":"text","image":"shopify:\/\/shop_images\/fee348a14261210838593393a7ea31d0.png","icon":"<svg xmlns=\"http:\/\/www.w3.org\/2000\/svg\" viewbox=\"0 0 512 512\"><!--!Font Awesome Free 6.7.2 by @fontawesome - https:\/\/fontawesome.com License - https:\/\/fontawesome.com\/license\/free Copyright 2025 Fonticons, Inc.--><path d=\"M64 96H0c0 123.7 100.3 224 224 224v144c0 8.8 7.2 16 16 16h32c8.8 0 16-7.2 16-16V320C288 196.3 187.7 96 64 96zm384-64c-84.2 0-157.4 46.5-195.7 115.2 27.7 30.2 48.2 66.9 59 107.6C424 243.1 512 147.9 512 32h-64z\"><\/path><\/svg>","width_icon":20,"height_icon":20,"mg_bottom_icon":10,"color_icon":"#68aa74","text":"Real Sustainability","type_tab_font":"font_1","fontsize_title_block":18,"fontsize_title_block_mb":15,"title_block_font_weight":"700","mg_bottom_title":15,"mg_bottom_title_mb":0,"color_block":"#68aa74","description":"<body>\n\n\n  <meta charset=\"UTF-8\">\n  <title>Left Aligned Copy Example<\/title>\n  <style>\n    .left-align {\n      text-align: left;\n      font-size: 12px;\n      line-height: 1.2;  \n    }\n  <\/style>\n\n\n  <div class=\"left-align\">\n    <p>Refillable candles, reusable and waste-free.<\/p>\n  <\/div>\n\n<\/body>","fontsize_des_block":16,"fontsize_des_block_mb":12,"lineheight_des_block":15,"mg_bottom_des":0,"color_des_block":"#3c3c3c","button":"","link":"","button_style":"style1","fontsize_button":14,"button_width":175,"fontweight_button":"500","enable_underline_button":false,"color_button":"#ba7a2d","button_border":"","button_background":"","button_background_gradient":"","button_color_hover":"#ba7a2d","button_border_hover":"","button_background_hover":"","button_background_gradient_hover":""}},"text_Gf8GDD":{"type":"Text","settings":{"bg_color_block":"rgba(0,0,0,0)","border_block":"rgba(0,0,0,0)","icon_type":"text","image":"shopify:\/\/shop_images\/fee348a14261210838593393a7ea31d0.png","icon":"<svg xmlns=\"http:\/\/www.w3.org\/2000\/svg\" viewbox=\"0 0 352 512\"><!--!Font Awesome Free 6.7.2 by @fontawesome - https:\/\/fontawesome.com License - https:\/\/fontawesome.com\/license\/free Copyright 2025 Fonticons, Inc.--><path d=\"M205.2 22.1c-7.9-28.8-49.4-30.1-58.4 0C100 179.9 0 222.7 0 333.9 0 432.4 78.7 512 176 512s176-79.7 176-178.1c0-111.8-99.8-153.3-146.8-311.8zM176 448c-61.8 0-112-50.3-112-112 0-8.8 7.2-16 16-16s16 7.2 16 16c0 44.1 35.9 80 80 80 8.8 0 16 7.2 16 16s-7.2 16-16 16z\"><\/path><\/svg>","width_icon":20,"height_icon":20,"mg_bottom_icon":10,"color_icon":"#68aa74","text":"Highest Quality","type_tab_font":"font_1","fontsize_title_block":18,"fontsize_title_block_mb":15,"title_block_font_weight":"700","mg_bottom_title":15,"mg_bottom_title_mb":0,"color_block":"#68aa74","description":"<body>\n\n\n  <meta charset=\"UTF-8\">\n  <title>Left Aligned Copy Example<\/title>\n  <style>\n    .left-align {\n      text-align: left;\n      font-size: 12px;\n      line-height: 1.2;  \n    }\n  <\/style>\n\n\n  <div class=\"left-align\">\n    <p>Our mission: clean, vegan, toxin-free ingredients that uplift every breath.<\/p>\n  <\/div>\n\n<\/body>","fontsize_des_block":16,"fontsize_des_block_mb":14,"lineheight_des_block":15,"mg_bottom_des":0,"color_des_block":"#3c3c3c","button":"","link":"","button_style":"style1","fontsize_button":14,"button_width":175,"fontweight_button":"500","enable_underline_button":false,"color_button":"#ba7a2d","button_border":"","button_background":"","button_background_gradient":"","button_color_hover":"#ba7a2d","button_border_hover":"","button_background_hover":"","button_background_gradient_hover":""}},"text_gJbJ7F":{"type":"Text","settings":{"bg_color_block":"rgba(0,0,0,0)","border_block":"rgba(0,0,0,0)","icon_type":"text","image":"shopify:\/\/shop_images\/8f477412ad561909adea2480a976e0f6.png","icon":"<svg xmlns=\"http:\/\/www.w3.org\/2000\/svg\" viewbox=\"0 0 576 512\"><!--!Font Awesome Free 6.7.2 by @fontawesome - https:\/\/fontawesome.com License - https:\/\/fontawesome.com\/license\/free Copyright 2025 Fonticons, Inc.--><path d=\"M275.3 250.5c7 7.4 18.4 7.4 25.5 0l108.9-114.2c31.6-33.2 29.8-88.2-5.6-118.8-30.8-26.7-76.7-21.9-104.9 7.7L288 36.9l-11.1-11.6C248.7-4.4 202.8-9.2 172 17.5c-35.3 30.6-37.2 85.6-5.6 118.8l108.9 114.2zm290 77.6c-11.8-10.7-30.2-10-42.6 0L430.3 402c-11.3 9.1-25.4 14-40 14H272c-8.8 0-16-7.2-16-16s7.2-16 16-16h78.3c15.9 0 30.7-10.9 33.3-26.6 3.3-20-12.1-37.4-31.6-37.4H192c-27 0-53.1 9.3-74.1 26.3L71.4 384H16c-8.8 0-16 7.2-16 16v96c0 8.8 7.2 16 16 16h356.8c14.5 0 28.6-4.9 40-14L564 377c15.2-12.1 16.4-35.3 1.3-48.9z\"><\/path><\/svg>","width_icon":20,"height_icon":20,"mg_bottom_icon":10,"color_icon":"#68aa74","text":"Luxury Scents","type_tab_font":"font_1","fontsize_title_block":18,"fontsize_title_block_mb":15,"title_block_font_weight":"700","mg_bottom_title":14,"mg_bottom_title_mb":0,"color_block":"#68aa74","description":"<body>\n\n\n  <meta charset=\"UTF-8\">\n  <title>Left Aligned Copy Example<\/title>\n  <style>\n    .left-align {\n      text-align: left;\n      font-size: 12px;\n      line-height: 1.2;  \n    }\n  <\/style>\n\n\n  <div class=\"left-align\">\n    <p>We makes rich, lasting scents inspired by real life, journeys from East to West.<\/p>\n  <\/div>\n\n<\/body>","fontsize_des_block":16,"fontsize_des_block_mb":12,"lineheight_des_block":15,"mg_bottom_des":0,"color_des_block":"#3c3c3c","button":"","link":"","button_style":"style1","fontsize_button":14,"button_width":235,"fontweight_button":"500","enable_underline_button":false,"color_button":"#ba7a2d","button_border":"","button_background":"","button_background_gradient":"","button_color_hover":"#ba7a2d","button_border_hover":"","button_background_hover":"","button_background_gradient_hover":""}},"text_yJphw8":{"type":"Text","settings":{"bg_color_block":"rgba(0,0,0,0)","border_block":"rgba(0,0,0,0)","icon_type":"text","image":"shopify:\/\/shop_images\/a85d2b323db0ed76bfb79a2381586123.png","icon":"<svg xmlns=\"http:\/\/www.w3.org\/2000\/svg\" viewbox=\"0 0 640 512\"><!--!Font Awesome Free 6.7.2 by @fontawesome - https:\/\/fontawesome.com License - https:\/\/fontawesome.com\/license\/free Copyright 2025 Fonticons, Inc.--><path d=\"M425.7 256c-16.9 0-32.8-9-41.4-23.4L320 126l-64.2 106.6c-8.7 14.5-24.6 23.5-41.5 23.5-4.5 0-9-.6-13.3-1.9L64 215v178c0 14.7 10 27.5 24.2 31l216.2 54.1c10.2 2.5 20.9 2.5 31 0L551.8 424c14.2-3.6 24.2-16.4 24.2-31V215l-137 39.1c-4.3 1.3-8.8 1.9-13.3 1.9zm212.6-112.2L586.8 41c-3.1-6.2-9.8-9.8-16.7-8.9L320 64l91.7 152.1c3.8 6.3 11.4 9.3 18.5 7.3l197.9-56.5c9.9-2.9 14.7-13.9 10.2-23.1zM53.2 41L1.7 143.8c-4.6 9.2 .3 20.2 10.1 23l197.9 56.5c7.1 2 14.7-1 18.5-7.3L320 64 69.8 32.1c-6.9-.8-13.5 2.7-16.6 8.9z\"><\/path><\/svg>","width_icon":20,"height_icon":20,"mg_bottom_icon":10,"color_icon":"#68aa74","text":"Green Packaging","type_tab_font":"font_1","fontsize_title_block":18,"fontsize_title_block_mb":15,"title_block_font_weight":"700","mg_bottom_title":15,"mg_bottom_title_mb":0,"color_block":"#68aa74","description":"<body>\n\n\n  <meta charset=\"UTF-8\">\n  <title>Left Aligned Copy Example<\/title>\n  <style>\n    .left-align {\n      text-align: left;\n      font-size: 12px;\n      line-height: 1.2;  \n    }\n  <\/style>\n\n\n  <div class=\"left-align\">\n    <p>Our packaging is plastic-free, eco-friendly, and fully recyclable. <\/p>\n  <\/div>\n\n<\/body>","fontsize_des_block":16,"fontsize_des_block_mb":12,"lineheight_des_block":15,"mg_bottom_des":0,"color_des_block":"#3c3c3c","button":"","link":"","button_style":"style1","fontsize_button":14,"button_width":235,"fontweight_button":"500","enable_underline_button":false,"color_button":"#ba7a2d","button_border":"","button_background":"","button_background_gradient":"","button_color_hover":"#ba7a2d","button_border_hover":"","button_background_hover":"","button_background_gradient_hover":""}}},"block_order":["text_mVUr3y","text_Gf8GDD","text_gJbJ7F","text_yJphw8"],"custom_css":[".custom-service-block .halo-row {width: 100% !important; font-size: 0 !important;}",".custom-service-block .halo-item {display: inline-block !important; vertical-align: top !important; font-size: initial !important; padding: 0 5px !important; box-sizing: border-box !important;}","@media only screen and (min-width: 768px) {.custom-service-block .halo-item {width: 25% !important; }}","@media only screen and (max-width: 767px) {.custom-service-block .halo-item {width: 50% !important; }}",".custom-service-block .halo-item {margin-top: 10px !important;}"],"settings":{"id_section":"","container":"container","padding_full_width":0,"display_border_top":false,"display_border_bottom":false,"border_color":"#d0d0d0","service_block_swipe_on_mobile":"list","color_icon_slider":"#212121","service_block_style":"style_1","policies_bg":"#ffffff","policies_bg_gradient":"","service_block_title":"","enable_border_title":false,"color_title":"#000000","fontsize_title":24,"fontsize_title_mb":10,"mg_bottom_title_service_block":0,"mg_bottom_title_service_block_mb":0,"service_block_des":"","service_block_des_pos":"top","color_des":"#000000","fontsize_des":10,"mg_top_service_block_des":0,"mg_bottom_service_block_des":25,"view_all":"","view_all_align":"left","font_weight_view_all":"400","mg_top_view":0,"mg_bottom_view":0,"enable_border_view_all":true,"link_view_all":"","color_view_all":"#3c3c3c","icon_view_all":"","color_view_all_icon":"#eb492f","title_align":"center","item_width":"width_auto","border_item":"style_2","enable_item_distance":false,"enable_hover_box_shadow":false,"enable_hover_effects_top":false,"item_padding_top":30,"item_padding_bottom":5,"item_padding_left_right":10,"item_radius":4,"grid_gap":5,"item_align":"left","enable_block_bottom":false,"bg_block_bottom":"#f5f4ea","btn_text_block_bottom":"Read More","button_link_block_bottom":"","button_1_width_block_bottom":235,"button_color_block_bottom":"#ffffff","button_border_block_bottom":"#232323","button_background_block_bottom":"#232323","button_background_gradient_block_bottom":"","button_color_hover_block_bottom":"#ffffff","button_border_hover_block_bottom":"#232323","button_background_hover_block_bottom":"#232323","button_background_gradient_hover_block_bottom":"","btn_2_text_block_bottom":"Shop Now","button_link_2_block_bottom":"","button_2_width_block_bottom":235,"button_2_color_block_bottom":"#ffffff","button_2_border_block_bottom":"#232323","button_2_background_block_bottom":"#232323","button_2_background_gradient_block_bottom":"","button_2_color_hover_block_bottom":"#ffffff","button_2_border_hover_block_bottom":"#232323","button_2_background_hover_block_bottom":"#232323","button_2_background_gradient_hover_block_bottom":"","mg_top_desktop":0,"mg_top_tablet":0,"mg_top_mobile":15,"mg_bottom_desktop":30,"mg_bottom_tablet":30,"mg_bottom_mobile":15}},"slide_show_PeAwTF":{"type":"slide-show","blocks":{"image_mANjJf":{"type":"image","settings":{"image_slide_mb":"shopify:\/\/shop_images\/Group_45_bf255f53-aaff-4f57-8bec-975198abe1cc.png","alignment":"left","enable_custom_position":false,"custom_horizontal":"","custom_vertical":"","enable_position_outside_image":false,"enable_border_line":false,"padding_vertical":15,"content_width":475,"text_alignment":"left","text_alignment_mb":"left","enable_content_fullwidth":false,"border_color_content":"","bg_color_content":"","profile_spacing_bottom":20,"profile_name":"","profile_name_color":"","profile_name_fs":20,"profile_name_fs_mb":20,"profile_name_fw":"bold","profile_title":"","profile_title_color":"","profile_title_fs":20,"profile_title_fs_mb":20,"profile_title_fw":"normal","sub_heading":"","letter_spacing_sub_title":"","font_size_sub_heading":30,"sub_heading_spacing_bottom":20,"sub_heading_font":"font_2","font_weight_sub_heading":"400","border_sub_heading":"none","sub_title_position":"sub_title_above","color_sub_heading":"#ffffff","heading":"","letter_spacing_heading":"","enable_border_heading":false,"font_style_heading":"normal","font_size_heading":40,"line_height_heading":40,"heading_spacing_bottom":8,"color_heading":"#232323","slide-des":"","font_size_des":12,"line_height_des":22,"des_spacing_bottom":35,"color_des":"#232323","sub_heading_mb":"","font_size_sub_heading_mb":20,"sub_heading_spacing_bottom_mb":0,"font_weight_sub_heading_mb":"400","border_sub_heading_mb":"none","color_sub_heading_mb":"#ffffff","heading_mb":"","font_style_heading_mb":"normal","font_size_heading_mb":24,"line_height_heading_mb":24,"heading_spacing_bottom_mb":35,"color_heading_mb":"#ffffff","slide-des-mb":"","font_size_des_mb":12,"des_spacing_bottom_mb":35,"color_des_mb":"#ffffff","enable_icon_button":false,"enable_button_link":false,"enable_underline":false,"font_size_link":50,"button_slide":"ABOUT US","link":"shopify:\/\/pages\/about-us","button_style":"button_1","button_slide_2":"","link_2":"","min_width_banner_button":130,"color_button":"#3c3c3c","border_button":"#acacac","bg_button":"#68aa71","bg_button_gradient":"","color_button_hover":"#ffffff","border_button_hover":"#232323","bg_button_hover":"#232323","bg_button_gradient_hover":"","use_contrasting_colors":false,"lb_product_1":"","horizontal_pos_1":0,"vertical_pos_1":0,"lookbook_pos_1":"right","lb_product_2":"","horizontal_pos_2":0,"vertical_pos_2":0,"lookbook_pos_2":"right","lb_product_3":"","horizontal_pos_3":0,"vertical_pos_3":0,"lookbook_pos_3":"right"}}},"block_order":["image_mANjJf"],"custom_css":[".slide-content {margin-top: 170px;}"],"name":"t:sections.slide-show.presets.name","settings":{"container":"fullwidth","padding_full_width":0,"slideshow_background":"","slideshow_background_gradient":"","autoplay":true,"slideshow_speed":"5000","slideshow_transition":"true","dots":"shape","dots_color":"#707979","dots_border_color":"#707979","dots_active_color":"rgba(0,0,0,0)","dots_active_border_color":"#505656","dots_direction":"left","dots_shape":"disc","position_slick_dots":"10px","dots_opacity":false,"dot_with_image":false,"dot_width":66,"dot_width_active":130,"dot_width_mb":38,"dot_width_active_mb":65,"arrow_active":true,"enable_custom_arrow":false,"arrow_width":35,"arrow_height":35,"arrow_size_icon":17,"arrow_color":"#666d6d","arrow_border_color":"#666d6d","arrow_bg_color":"#ffffff","arrow_color_hover":"","arrow_border_color_hover":"","arrow_bg_color_hover":"","position_slick_arrow":"10%","position_vertical_slick_arrow":"50%","image_behavior":"none","video_height":"41.7%","video_height_mb":"41.7%","auto_playvideo":true,"enable_categories":false,"text_categories":"","title_color":"#ffffff","bg_title":"#fd6506","text_icon_color":"#202020","menu_category":"","enable_banner":false,"lookbook_style":"1","enable_lookbook_width":false,"lookbook_width":250,"dot_desktop_size":24,"dot_mobile_size":16,"dot_inner_color":"#000000","dot_shadow_color":"#ffffff","dot_outer_color":"#ffffff","show_dot_number":false,"show_dot_number_mobile":false,"show_plus_icon":false,"number_desktop_size":24,"number_mobile_size":16,"lookbook_truncate":"1","mg_top_desktop":50,"mg_top_tablet":50,"mg_top_mobile":0,"mg_bottom_desktop":50,"mg_bottom_tablet":50,"mg_bottom_mobile":0}},"image_banner_pN9zfD":{"type":"image-banner","blocks":{"large_img_AHwVPw":{"type":"largeImg","settings":{"image":"shopify:\/\/shop_images\/Group_45.png","mobile_image":"shopify:\/\/shop_images\/Group_45.png","enable_max_width_image":true,"custom_width_image":1170,"enable_scroll_down":false,"enable_custom_image":false,"image_behavior":"none","sub_title":"","border_sub_title":false,"font_size_sub_title":14,"font_size_sub_title_mb":14,"margin_bottom_sub_title":14,"sub_heading_font":"font_1","font_weight_sub_title":"700","sub_title_position":"sub_title_above","color_sub_title":"#232323","color_sub_title_mb":"#ffffff","heading":"","letter_spacing_heading":"","enable_style_italic":false,"font_size_heading":17,"font_size_heading_mb":24,"margin_bottom_heading":20,"font_weight_heading":"400","color_heading":"#232323","color_heading_mb":"#ffffff","border_title":"border_s1","border_color_title":"#232323","border_color_title_mobile":"#ffffff","text":"","font_size_des":18,"font_size_des_mb":17,"line_height_des":18,"margin_bottom_des":100,"color_des":"#232323","color_des_mb":"#acacac","countdown":"","hide_countdown_fc":"countdown","countdown_style":"square","countdown_position":"countdown_below_desc","font_size_countdown_number":30,"font_size_countdown_text":14,"color_countdown":"#232323","color_countdown_mb":"#ffffff","countdown_margin_bottom":35,"content_width":475,"bg_color_content":"","align":"left","align_items":"center","position":"half","custom_horizontal":"","custom_vertical":"","btn_text":"","link":"","btn_icon":"","button_1_width":130,"enable_button_custom_border":false,"button_color":"#232323","button_border":"#ffffff","button_background":"#f8f7bb","button_background_gradient":"radial-gradient(rgba(248, 247, 187, 1) 9%, rgba(255, 204, 75, 1) 100%)","button_color_hover":"#f8f7bb","button_border_hover":"#232323","button_background_hover":"#232323","button_background_gradient_hover":"linear-gradient(54deg, rgba(114, 255, 179, 1) 14%, rgba(255, 250, 99, 1) 85%)","btn_text_2":"ABOUT US","link_2":"shopify:\/\/pages\/about-us","btn_icon_2":"","button_color_2":"#ffffff","button_border_2":"#232323","button_background_2":"#232323","button_background_2_gradient":"","button_color_hover_2":"#ffffff","button_border_hover_2":"#232323","button_background_hover_2":"#232323","button_background_gradient_hover_2":"","video_link":"","adaptive_height_video":"56","icon_style":"style_1","color_icon":"#ffffff","bg_color_icon":"#000000","enable_custom_video_icon_position":false,"video_icon_horizontal_position":"","video_icon_vertical_position":"","video_icon_horizontal_position_mb":"","video_icon_vertical_position_mb":""}}},"block_order":["large_img_AHwVPw"],"disabled":true,"settings":{"id_section":"","container":"fullwidth","padding_full_width":0,"display_type":"slide","enable_arrows":false,"arrows_position":"","enable_dots":false,"enable_autoplay":false,"list_gap":0,"image_banner_title":"","enable_border_title":false,"color_title":"#202020","fontsize_title":10,"fontsize_title_mb":10,"margin_bottom_title":10,"image_banner_des":"","color_des":"#202020","fontsize_des":10,"title_align":"center","style_bg":"full","bg_color":"","bg_color_gradient":"","mg_top_desktop":50,"mg_top_tablet":50,"mg_top_mobile":0,"mg_bottom_desktop":50,"mg_bottom_tablet":50,"mg_bottom_mobile":10}},"custom_service_block_4PNPbC":{"type":"custom-service-block","blocks":{"text_qhJctK":{"type":"Text","settings":{"bg_color_block":"#f8f8f8","border_block":"#f8f8f8","icon_type":"text","icon":"","width_icon":64,"height_icon":64,"mg_bottom_icon":45,"color_icon":"#3c3c3c","text":"⭐️⭐️⭐️⭐️⭐️ - Emily R.","type_tab_font":"font_1","fontsize_title_block":18,"fontsize_title_block_mb":15,"title_block_font_weight":"700","mg_bottom_title":15,"mg_bottom_title_mb":0,"color_block":"#232323","description":"\"Met Mono.M at my friend's house, to be honest, I loved the unique smell.Very clean, so premium!\"","fontsize_des_block":14,"fontsize_des_block_mb":12,"lineheight_des_block":22,"mg_bottom_des":0,"color_des_block":"#3c3c3c","button":"","link":"","button_style":"style1","fontsize_button":14,"button_width":235,"fontweight_button":"500","enable_underline_button":false,"color_button":"#ba7a2d","button_border":"","button_background":"","button_background_gradient":"","button_color_hover":"#ba7a2d","button_border_hover":"","button_background_hover":"","button_background_gradient_hover":""}},"text_3Hc7jc":{"type":"Text","settings":{"bg_color_block":"#f8f8f8","border_block":"#f8f8f8","icon_type":"text","icon":"","width_icon":64,"height_icon":66,"mg_bottom_icon":45,"color_icon":"#3c3c3c","text":"⭐️⭐️⭐️⭐️ - Sophie L.","type_tab_font":"font_1","fontsize_title_block":18,"fontsize_title_block_mb":18,"title_block_font_weight":"700","mg_bottom_title":15,"mg_bottom_title_mb":0,"color_block":"#232323","description":"\"Love the refill idea! No waste anymore.I'm expecting more beautiful scents in the future.\"","fontsize_des_block":14,"fontsize_des_block_mb":13,"lineheight_des_block":22,"mg_bottom_des":0,"color_des_block":"#3c3c3c","button":"","link":"","button_style":"style1","fontsize_button":14,"button_width":235,"fontweight_button":"500","enable_underline_button":false,"color_button":"#ba7a2d","button_border":"","button_background":"","button_background_gradient":"","button_color_hover":"#ba7a2d","button_border_hover":"","button_background_hover":"","button_background_gradient_hover":""}},"text_XKNhnL":{"type":"Text","settings":{"bg_color_block":"#f8f8f8","border_block":"#f8f8f8","icon_type":"text","icon":"","width_icon":64,"height_icon":64,"mg_bottom_icon":45,"color_icon":"#3c3c3c","text":"⭐️⭐️⭐️⭐️⭐️ - James T","type_tab_font":"font_1","fontsize_title_block":18,"fontsize_title_block_mb":18,"title_block_font_weight":"700","mg_bottom_title":15,"mg_bottom_title_mb":0,"color_block":"#232323","description":"Second purchase! Their scents are perfect for setting the mood while I read and work. It’s such a chill vibe.","fontsize_des_block":14,"fontsize_des_block_mb":13,"lineheight_des_block":22,"mg_bottom_des":0,"color_des_block":"#3c3c3c","button":"","link":"","button_style":"style1","fontsize_button":14,"button_width":235,"fontweight_button":"500","enable_underline_button":false,"color_button":"#ba7a2d","button_border":"","button_background":"","button_background_gradient":"","button_color_hover":"#ba7a2d","button_border_hover":"","button_background_hover":"","button_background_gradient_hover":""}}},"block_order":["text_qhJctK","text_3Hc7jc","text_XKNhnL"],"settings":{"id_section":"","container":"fullwidth","padding_full_width":0,"display_border_top":false,"display_border_bottom":false,"border_color":"#ffffff","service_block_swipe_on_mobile":"list","color_icon_slider":"#212121","service_block_style":"style_1","policies_bg":"#ffffff","policies_bg_gradient":"","service_block_title":"Verified Reviews","enable_border_title":false,"color_title":"#000000","fontsize_title":30,"fontsize_title_mb":15,"mg_bottom_title_service_block":30,"mg_bottom_title_service_block_mb":15,"service_block_des":"","service_block_des_pos":"bottom","color_des":"#000000","fontsize_des":16,"mg_top_service_block_des":50,"mg_bottom_service_block_des":50,"view_all":"","view_all_align":"center","font_weight_view_all":"400","mg_top_view":0,"mg_bottom_view":30,"enable_border_view_all":true,"link_view_all":"","color_view_all":"#3c3c3c","icon_view_all":"","color_view_all_icon":"#eb492f","title_align":"center","item_width":"full_width","border_item":"style_2","enable_item_distance":false,"enable_hover_box_shadow":false,"enable_hover_effects_top":false,"item_padding_top":13,"item_padding_bottom":13,"item_padding_left_right":40,"item_radius":4,"grid_gap":30,"item_align":"center","enable_block_bottom":false,"bg_block_bottom":"#000000","btn_text_block_bottom":"","button_link_block_bottom":"","button_1_width_block_bottom":235,"button_color_block_bottom":"#ffffff","button_border_block_bottom":"#232323","button_background_block_bottom":"#232323","button_background_gradient_block_bottom":"","button_color_hover_block_bottom":"#ffffff","button_border_hover_block_bottom":"#232323","button_background_hover_block_bottom":"#232323","button_background_gradient_hover_block_bottom":"","btn_2_text_block_bottom":"","button_link_2_block_bottom":"","button_2_width_block_bottom":235,"button_2_color_block_bottom":"#ffffff","button_2_border_block_bottom":"#232323","button_2_background_block_bottom":"#232323","button_2_background_gradient_block_bottom":"","button_2_color_hover_block_bottom":"#ffffff","button_2_border_hover_block_bottom":"#232323","button_2_background_hover_block_bottom":"#232323","button_2_background_gradient_hover_block_bottom":"","mg_top_desktop":50,"mg_top_tablet":50,"mg_top_mobile":25,"mg_bottom_desktop":50,"mg_bottom_tablet":50,"mg_bottom_mobile":25}},"featured_blog_N96qeF":{"type":"featured-blog","custom_css":["h3 {height: 20px;}",".view_all-under_title {margin-bottom: 0px;}"],"settings":{"container":"container","padding_full_width":0,"mg_minus_desktop":0,"blog_bg":"#ffffff","blog_bg_gradient":"","featured_blog_title":"Know the stories behind the scents","margin_bottom_heading":5,"enable_border_title":false,"custom_width_title":420,"border_color_title":"#232323","color_title":"#232323","fontsize_title":15,"fontsize_title_mb":15,"featured_blog_des":"","margin_bottom_desheading":0,"color_des":"#3c3c3c","fontsize_des":14,"title_align":"left","view_all":"","view_all_align":"left","font_weight_view_all":"400","mg_top_view":10,"mg_bottom_view":0,"enable_border_view_all":true,"link_view_all":"shopify:\/\/blogs\/stories","color_view_all":"#3c3c3c","icon_view_all":"","color_view_all_icon":"#eb492f","view_all_pos":"under_title","blog_posts":"stories","blog_results_per_row":"2","item_distance":15,"post_limit":4,"limit_content_des":30,"text_by":"","text_on":"","blog_show_author":false,"blog_show_date":false,"blog_show_des":true,"show_more_pos":"under_content","blog_show_more_icon":"chevron-right","blog_date_format":"short_month","blog_item_bg":"#ffffff","border_radius_item":12,"margin_bottom_image":0,"margin_bottom_title":0,"margin_bottom_info":6,"margin_bottom_des":0,"block_item_style":"style_1","block_item_align":"left","block_button_text_transform":"none","block_button_fw":"700","enable_border_box":true,"color_border_box":"#dbdbdb","color_title_item":"#232323","color_date_item":"#999999","color_des_item":"#3c3c3c","enable_blog_button":true,"color_button_item":"#f8f7bb","color_button_item_border":"#625f58","color_button_item_bg":"#625f58","color_button_item_hover":"#f8f7bb","color_button_item_border_hover":"#625f58","color_button_item_bg_hover":"#ffffff","content_on_image":false,"content_bg":"","content_gradient":"","mg_top_desktop":20,"mg_top_tablet":20,"mg_top_mobile":10,"mg_bottom_desktop":20,"mg_bottom_tablet":20,"mg_bottom_mobile":45}},"newsletter_7iL7mf":{"type":"newsletter","blocks":{"newsletter_Diz884":{"type":"newsletter","settings":{"section_title":"Unlock 10% Off Your First One Purchase Order","section_title_font_size":40,"section_title_font_size_mb":22,"section_title_font_weight":"700","section_title_text_transform":"uppercase","section_title_font_style":"normal","section_title_color":"#ffffff","mg_bottom_title":10,"mg_bottom_title_mb":15,"section_description":"<p>Be first to access to new launches,sales and more. Plus, get something suprise on your birthday.<\/p>","section_description_font_size":20,"section_description_font_size_mb":14,"section_description_font_weight":"500","section_description_color":"#ffffff","margin_bottom_des":40,"des_line_height":20,"show_input_field":true,"input_style":"style_1","input_width":450,"input_border_radius":10,"input_text_font_size":13,"button_text":"Subscribe Now","button_font_size":16,"button_width":130,"button_text_color":"#ffffff","button_border_color":"#ffffff","button_background_color":"#68aa71","button_gradient_color":"","button_text_color_hover":"#ffffff","button_border_color_hover":"#ffffff","button_background_color_hover":"#ffffff","button_gradient_color_hover":"","button_text_transform":"capitalize","button_font_weight":"600","input_placeholder":"Your email address","input_placeholder_color":"#ffffff","input_background_color":"rgba(0,0,0,0)","input_border_color":"#f5f4ea","form_gap":15,"newsletter_content_direction":"column","newsletter_form_justify_content":"flex-start","input_width_behavior":"auto"}},"social_media_MUqwVJ":{"type":"social_media","settings":{"social_block_width":"80","social_heading":"","enable_bg_social":false,"social_margin_top":0}}},"block_order":["newsletter_Diz884","social_media_MUqwVJ"],"disabled":true,"settings":{"container":"container","padding_full_width":0,"background":"#ffffff","background_gradient":"linear-gradient(157deg, rgba(228, 215, 176, 1), rgba(248, 208, 186, 1) 21%, rgba(245, 198, 179, 1) 34%, rgba(248, 206, 190, 1) 47%, rgba(244, 205, 188, 1) 60%, rgba(237, 223, 196, 1) 71%, rgba(235, 232, 199, 1) 97%)","newsletter_bg_image":"shopify:\/\/shop_images\/WX20250427-190342_2x_2.png","section_text_align":"center","justify_section_content":"center","section_item_distance":49,"enable_social_media_below":true,"mg_top_desktop":110,"mg_top_tablet":50,"mg_top_mobile":50,"mg_bottom_desktop":50,"mg_bottom_tablet":50,"mg_bottom_mobile":20}},"custom_press_banner_UDKhha":{"type":"custom-press-banner","custom_css":[".custom-image-banner-block .section-block-banner-image .img-box,.custom-image-banner-block.section-block-template--16841224781926__custom_press_banner_UDKhha {background-position: left bottom !important;}"],"settings":{"container":"fullwidth","padding_full_width":20,"press_bg":"#ffffff","press_gradient":"linear-gradient(153deg, rgba(228, 215, 176, 1), rgba(248, 208, 186, 1) 21%, rgba(245, 198, 179, 1) 34%, rgba(248, 206, 190, 1) 47%, rgba(244, 205, 188, 1) 60%, rgba(237, 223, 196, 1) 71%, rgba(228, 215, 176, 1) 100%, rgba(235, 232, 199, 0.97) 100%)","press_bg_image":"shopify:\/\/shop_images\/WX20250427-190342_2x_3.png","align_items":"center","press_image":"shopify:\/\/shop_images\/Group_208.png","press_image_width":1000,"press_image_width_ratio":50,"sub_title":"","letter_spacing_sub_title":"","font_size_sub_title":14,"font_size_sub_title_mb":14,"margin_bottom_sub_title":14,"font_weight_sub_title":"700","sub_title_position":"sub_title_above","color_sub_title":"#232323","title":"","title_font_size":80,"title_font_size_mb":20,"title_font_weight":"700","mg_bottom_title":15,"title_color":"#000000","des":"","des_font_size":12,"des_font_size_mb":12,"des_font_weight":"400","mg_bottom_des":15,"des_color":"#000000","item_spacing":120,"content_max_width":260,"button_text":"","button_link":"","fontsize_btn":16,"button_width":190,"color_button":"#ffffff","border_color_button":"#232323","bg_color_button":"#232323","bg_gradient_color_button":"","color_button_hover":"#ffffff","border_color_button_hover":"#232323","bg_color_button_hover":"#232323","bg_gradient_color_button_hover":"","btn_text_transform":"uppercase","image_behavior":"none","mg_top_desktop":30,"mg_top_tablet":50,"mg_top_mobile":50,"mg_bottom_desktop":30,"mg_bottom_tablet":50,"mg_bottom_mobile":50}}},"order":["16321237356a896dad","rich_text_f3kkrV","rich_text_fW7rQc","product_tab_block_hnphxh","rich_text_87qnTG","product_tab_block_8H9iMH","rich_text_8XaMWM","slide_show_VikWbA","rich_text_VYnn4w","rich_text_RCXM7d","rich_text_wDk9aG","custom_service_block_BXXV84","slide_show_PeAwTF","image_banner_pN9zfD","custom_service_block_4PNPbC","featured_blog_N96qeF","newsletter_7iL7mf","custom_press_banner_UDKhha"]}