{"sections":{"main":{"type":"main-about-1-page","disabled":true,"settings":{"container":"1170","padding_full_width":0,"show_breadcrumb":true,"breadcrumb_alignment":"center","breadcrumb_bg":"","breadcrumb_gradient":"","breadcrumb_bg_mb":"#f6f6f6","breadcrumb_gradient_mb":"","show_page_title":true,"page_title_alignment":"center","mg_top_desktop":25,"mg_top_tablet":0,"mg_top_mobile":0,"mg_bottom_desktop":30,"mg_bottom_tablet":20,"mg_bottom_mobile":0}},"17459853526ec03981":{"type":"apps","blocks":{"appstle_bundles_appstle_bundle_dynamic_pricing_custom_page_Pj8TEx":{"type":"shopify:\/\/apps\/appstle-bundles\/blocks\/appstle-bundle-dynamic-pricing-custom-page\/8909921b-2d24-4d68-9b12-9d045d3dcb0a","settings":{}}},"block_order":["appstle_bundles_appstle_bundle_dynamic_pricing_custom_page_Pj8TEx"],"settings":{"include_margins":false}},"collapsible_content_HitT4y":{"type":"collapsible-content","blocks":{"content_mkYWRA":{"type":"content","settings":{"heading":"All scents notes","content":"<p><strong>Begin, Beloved (Oriental\/woody)<\/strong><\/p><ul><li>TOP: Cypress, Lemon Peel, Mint, Camphor, Sage<\/li><li>Middle:Evergreen, Eucalyptus, Orange Blossom, Violet, Lavender<\/li><li>Base:Fir, Moss, Patchouli, Incense, Powder<\/li><\/ul><p><strong>AMBER VOWS  (Amber\/Woody)<\/strong><\/p><ul><li>Top: Palm,Cardamom,Vanilla Sugar<\/li><li>Heart: Jasmine,Vanilla Orchid, Tonka Bean, Oak, Patchouli<\/li><li>Base: Amber & Musk, Cedarwood & Vetiver, Creamy Vanilla, Powder<\/li><\/ul><p><strong>RESET  (Spicy\/Smoky)<\/strong><\/p><ul><li>Top: Lemon, Citrus, Cardamom, Black Pepper<\/li><li>Middle: Ginger, Palo Santo & Violet, Saffron, Leather<\/li><li>Base: Smoked Amber, Wood & Sandalwood<\/li><\/ul><p><strong>T. T. Y (Oriental\/Fougère)<\/strong><\/p><ul><li>Top: Sea Salt, Honeydew, Melon, Sage, Orange, Grapefruit, Coriander<\/li><li>Middle: Violet, Fig, Orris, Lavender, Amuris<\/li><li>Base: Cedar, Moss, Oakmoss, Sandalwood, Amber, Dark Musk<\/li><\/ul><p><\/p>","page":""}},"content_9qehAe":{"type":"content","settings":{"heading":"Scented Candle Details","content":"<ul><li>High temperature resistant ceramic material, for use for our refills only<\/li><li>Ceramic vessel size: 3.14 inch(H) X 3.14 inch(W)<\/li><li>Net weight: 8OZ(225g)<\/li><li>Burn time: 55-60 hours<\/li><li>Wax: Natural coconut&Vegetable wax. FREE from parabens, phthalates, toxins, and carcinogens. <\/li><li>Ingredients: Premium, non-toxic fragrance oil certified by U.S. standards.<\/li><\/ul>","page":""}},"content_93HT9W":{"type":"content","settings":{"heading":"Candle Refills Details","content":"<ul><li>Weight:8oz(226g)<\/li><li>Burn time: 55-60 hours<\/li><li>Made with a natural soy&vegetable wax. FREE from parabens, phthalates, toxins, and carcinogens. Plus, vegan-friendly.<\/li><li>Ingredients: Premium, non-toxic fragrance oil certified by U.S. standards.<\/li><li>Scented candle refills compared to our ceramic vessel only.<\/li><\/ul>","page":""}},"content_FgwQYV":{"type":"content","settings":{"heading":"Shipping&Return Policy","content":"<p>Free shipping for orders more than $80. Please click the <a href=\"\/pages\/shipping-policy\" title=\"shipping & returns\">Return&Refund<\/a> Policy to know more details.<\/p>","page":""}}},"block_order":["content_mkYWRA","content_9qehAe","content_93HT9W","content_FgwQYV"],"name":"t:sections.collapsible_content.settings.collapsible_row","settings":{"id_section":"","container":"1770","padding_full_width":0,"collapsible_bg":"#ffffff","collapsible_bg_gradient":"","collapsible_title":"Light once. Refill always. A thoughtful choice for first-timers.","color_title":"#232323","fontsize_title":25,"fontsize_title_mb":14,"collapsible_des":"","color_des":"#3c3c3c","fontsize_des":16,"fontsize_des_mb":12,"max_width_des":760,"title_align":"center","enable_image_right":true,"image_right":"shopify:\/\/shop_images\/shopping_1.webp","bg_content_color":"#ffffff","content_color":"#232323","title_color":"#232323","icon_color":"#232323","border_color":"#232323","mg_top_desktop":50,"mg_top_tablet":50,"mg_top_mobile":35,"mg_bottom_desktop":50,"mg_bottom_tablet":50,"mg_bottom_mobile":35}}},"order":["main","17459853526ec03981","collapsible_content_HitT4y"]}