{"sections":{"main":{"type":"main-page","disabled":true,"settings":{}},"spotlight_block_Fk6wrQ":{"type":"spotlight-block","blocks":{"image_pWC7Rh":{"type":"image","settings":{"enable_image":true,"image":"shopify:\/\/shop_images\/Picture2_30841d55-9870-4590-9a65-844c03f63a2d.png","title_align":"left","enable_absolute":false,"align_items":"center","align_items_spacing_top_bottom_position":0,"align_items_spacing_top_bottom_position_mb":0,"bg_color_content":"#f5f4ea","align_items_spacing_top":10,"align_items_spacing_bottom":10,"align_items_spacing_lr":10,"sub_title":"","border_sub_title":false,"color_sub_title":"#232323","fontsize_sub_title":20,"font_weight_sub_title":"500","mg_bottom_sub_title":10,"title":"Story of AMBER VOWS","color_title":"#232323","fontsize_title":18,"fontsize_title_mb":16,"font_weight_title":"500","enable_style_italic":false,"border_title":"border_hover","border_color_title":"","des":"People who marry in winter may not have the most romantic view of marriage, but they are certainly the most thoughtful. The cold season symbolizes endurance, with its contrasts between the chill outside and  ...","color_des":"#3c3c3c","fontsize_des":12,"mg_top_des":5,"enable_des_hover":false,"button_style":"button_1","button":"read mone","link":"shopify:\/\/blogs\/stories\/amber-vows","fontsize_btn":10,"button_width":120,"bg_opacity_button":1,"enable_button_custom_border":false,"enable_button_hover":false,"btn_text_transform":"uppercase","btn_icon":"","mg_top_btn":20,"color_button":"#232323","border_color_button":"#232323","bg_color_button":"#f5f4ea","bg_color_button_gradient":"","color_button_hover":"#fff","border_color_button_hover":"#232323","bg_color_button_hover":"#232323","bg_color_button_gradient_hover":""}},"image_TnkDgf":{"type":"image","settings":{"enable_image":true,"image":"shopify:\/\/shop_images\/Picture4.png","title_align":"left","enable_absolute":false,"align_items":"center","align_items_spacing_top_bottom_position":0,"align_items_spacing_top_bottom_position_mb":0,"bg_color_content":"#f5f4ea","align_items_spacing_top":10,"align_items_spacing_bottom":10,"align_items_spacing_lr":10,"sub_title":"","border_sub_title":false,"color_sub_title":"#232323","fontsize_sub_title":20,"font_weight_sub_title":"500","mg_bottom_sub_title":10,"title":"Story of T.T.Y","color_title":"#232323","fontsize_title":18,"fontsize_title_mb":16,"font_weight_title":"500","enable_style_italic":false,"border_title":"border_hover","border_color_title":"","des":"After years away, she returned to campus and found herself again, beneath oak trees, among wild blooms, and in the quiet calm of spring.&nbsp;Yesterday let go, Today unfolded gently, and Tomorrow began to bloom.","color_des":"#3c3c3c","fontsize_des":12,"mg_top_des":5,"enable_des_hover":false,"button_style":"button_1","button":"read mone","link":"shopify:\/\/blogs\/stories\/y-y-t-smells-like-time-stained-petals-3","fontsize_btn":10,"button_width":120,"bg_opacity_button":1,"enable_button_custom_border":false,"enable_button_hover":false,"btn_text_transform":"uppercase","btn_icon":"","mg_top_btn":20,"color_button":"#232323","border_color_button":"#232323","bg_color_button":"#f5f4ea","bg_color_button_gradient":"","color_button_hover":"#fff","border_color_button_hover":"#232323","bg_color_button_hover":"#232323","bg_color_button_gradient_hover":""}},"image_AEDFjb":{"type":"image","settings":{"enable_image":true,"image":"shopify:\/\/shop_images\/Picture3_f7dbebb0-bf19-45d2-b6b6-15be85af65c2.png","title_align":"left","enable_absolute":false,"align_items":"center","align_items_spacing_top_bottom_position":0,"align_items_spacing_top_bottom_position_mb":0,"bg_color_content":"#f5f4ea","align_items_spacing_top":10,"align_items_spacing_bottom":10,"align_items_spacing_lr":10,"sub_title":"","border_sub_title":false,"color_sub_title":"#232323","fontsize_sub_title":20,"font_weight_sub_title":"500","mg_bottom_sub_title":10,"title":"Story of RESET","color_title":"#232323","fontsize_title":18,"fontsize_title_mb":16,"font_weight_title":"500","enable_style_italic":false,"border_title":"border_hover","border_color_title":"","des":"At 35, she resigned without a plan, driven by exhaustion. After the farewell party, the late autumn city's aromas seemed to carry the scent of courage. At that moment, she realized ...","color_des":"#3c3c3c","fontsize_des":12,"mg_top_des":5,"enable_des_hover":false,"button_style":"button_1","button":"read mone","link":"shopify:\/\/blogs\/stories\/new-chapter-smells-like-courage","fontsize_btn":10,"button_width":120,"bg_opacity_button":1,"enable_button_custom_border":false,"enable_button_hover":false,"btn_text_transform":"uppercase","btn_icon":"","mg_top_btn":20,"color_button":"#232323","border_color_button":"#232323","bg_color_button":"#f5f4ea","bg_color_button_gradient":"","color_button_hover":"#fff","border_color_button_hover":"#232323","bg_color_button_hover":"#232323","bg_color_button_gradient_hover":""}},"image_Bc6D7E":{"type":"image","settings":{"enable_image":true,"image":"shopify:\/\/shop_images\/Picture1_0285b1d5-e384-4e3a-a4e3-c2e694ae3733.png","title_align":"left","enable_absolute":false,"align_items":"center","align_items_spacing_top_bottom_position":0,"align_items_spacing_top_bottom_position_mb":0,"bg_color_content":"#f5f4ea","align_items_spacing_top":10,"align_items_spacing_bottom":10,"align_items_spacing_lr":10,"sub_title":"","border_sub_title":false,"color_sub_title":"#232323","fontsize_sub_title":20,"font_weight_sub_title":"500","mg_bottom_sub_title":10,"title":"Story of BEIGIN, BELOVED","color_title":"#232323","fontsize_title":18,"fontsize_title_mb":16,"font_weight_title":"500","enable_style_italic":false,"border_title":"border_hover","border_color_title":"","des":"In a rare southern snowfall, a new life arrived, bringing warmth, joy, and the timeless fragrance of beginnings to the coldest day. Family gathered, celebrating this precious first moment ...","color_des":"#3c3c3c","fontsize_des":12,"mg_top_des":5,"enable_des_hover":false,"button_style":"button_1","button":"read mone","link":"shopify:\/\/blogs\/stories\/first-cuddle-smells-like-cheek-kissing","fontsize_btn":10,"button_width":120,"bg_opacity_button":1,"enable_button_custom_border":false,"enable_button_hover":false,"btn_text_transform":"uppercase","btn_icon":"","mg_top_btn":20,"color_button":"#232323","border_color_button":"#232323","bg_color_button":"#f5f4ea","bg_color_button_gradient":"","color_button_hover":"#fff","border_color_button_hover":"#232323","bg_color_button_hover":"#232323","bg_color_button_gradient_hover":""}}},"block_order":["image_pWC7Rh","image_TnkDgf","image_AEDFjb","image_Bc6D7E"],"name":"t:sections.spotlight_block.presets.name","settings":{"container":"container","padding_full_width":0,"disable_padding_content":false,"mg_minus_desktop":0,"block_layout":"grid","spotlight_block_swipe_on_mobile":"list","column":"4","column_mb":"1","center_mode":false,"item_distance":5,"item_radius":0,"enable_arrows":true,"enable_arrows_mb":false,"position_horizontal_slick_arrow":"0","enable_dots":false,"enable_dots_mb":true,"display_border_bottom":false,"border_color":"#e3e3e3","spotlight_bg":"#fff","spotlight_bg_gradient":"","enable_custom_position_title":false,"spotlight_block_title":"#Our inspiration","enable_border_title":false,"color_title":"#232323","color_title_mb":"","fontsize_title":18,"fontsize_title_mb":15,"margin_bottom_title":15,"spotlight_block_des":"Discover the stories behind each scent.","color_des":"#3c3c3c","margin_bottom_des":20,"fontsize_des":15,"title_align":"left","view_all_style":"style_1","view_all":"","view_all_fs":12,"view_all_align":"center","font_weight_view_all":"400","mg_bottom_view":30,"enable_border_view_all":true,"link_view_all":"","color_view_all":"#3c3c3c","display_spotlight_button":false,"button_position":"bottom","spotlight_button_text":"","spotlight_button_link":"","color_button":"#fff","border_color_button":"#232323","bg_color_button":"#232323","bg_color_gradient_button":"","color_button_hover":"#232323","border_color_button_hover":"#ffffff","bg_color_button_hover":"#ffffff","bg_color_gradient_button_hover":"","maxwidth_button":230,"mg_top_button":30,"mg_bottom_button":30,"enable_plus_icon":false,"color_plus_icon":"#fff","enable_content_border":false,"content_border_color":"#e2e2e2","enable_shadow":false,"shadow_horizontal_length":0,"shadow_vertical_length":0,"shadow_blur_radius":0,"shadow_spread":0,"shadow_color":"transparent","shadow_inset":"no","mg_top_desktop":50,"mg_top_tablet":50,"mg_top_mobile":50,"mg_bottom_desktop":50,"mg_bottom_tablet":50,"mg_bottom_mobile":50}},"spotlight_block_Fxd9L6":{"type":"spotlight-block","blocks":{"image_UkBUkY":{"type":"image","settings":{"enable_image":true,"image":"shopify:\/\/shop_images\/IMG_2463.png","title_align":"left","enable_absolute":false,"align_items":"top","align_items_spacing_top_bottom_position":0,"align_items_spacing_top_bottom_position_mb":0,"bg_color_content":"#f5f4ea","align_items_spacing_top":10,"align_items_spacing_bottom":10,"align_items_spacing_lr":10,"sub_title":"","border_sub_title":false,"color_sub_title":"#232323","fontsize_sub_title":20,"font_weight_sub_title":"500","mg_bottom_sub_title":10,"title":"Soundtrack - 2024 winter","color_title":"#232323","fontsize_title":18,"fontsize_title_mb":16,"font_weight_title":"500","enable_style_italic":false,"border_title":"border_hover","border_color_title":"","des":"","color_des":"#3c3c3c","fontsize_des":12,"mg_top_des":5,"enable_des_hover":false,"button_style":"button_1","button":"listen now","link":"https:\/\/open.spotify.com\/playlist\/2tCstEf9OBl91iwbmKoMf7?go=1&sp_cid=58e1e5dde234669d9bd2b3b49653e9e0&utm_source=embed_player_p&utm_medium=desktop&nd=1&dlsi=c754d1af30494e6b","fontsize_btn":10,"button_width":120,"bg_opacity_button":1,"enable_button_custom_border":false,"enable_button_hover":false,"btn_text_transform":"uppercase","btn_icon":"","mg_top_btn":20,"color_button":"#232323","border_color_button":"#232323","bg_color_button":"#f5f4ea","bg_color_button_gradient":"","color_button_hover":"#fff","border_color_button_hover":"#232323","bg_color_button_hover":"#232323","bg_color_button_gradient_hover":""}},"image_3NXBDk":{"type":"image","settings":{"enable_image":true,"image":"shopify:\/\/shop_images\/u7983356882_httpss.mj.run9HoSt-6g8Gk_a_blurred_figure_running_fafc3753-dda9-4104-a713-d0b1b57f9c4a_0.png","title_align":"left","enable_absolute":false,"align_items":"center","align_items_spacing_top_bottom_position":0,"align_items_spacing_top_bottom_position_mb":0,"bg_color_content":"#f5f4ea","align_items_spacing_top":10,"align_items_spacing_bottom":10,"align_items_spacing_lr":10,"sub_title":"","border_sub_title":false,"color_sub_title":"#232323","fontsize_sub_title":20,"font_weight_sub_title":"500","mg_bottom_sub_title":10,"title":"Soundtrack - 2025 Spring","color_title":"#232323","fontsize_title":18,"fontsize_title_mb":16,"font_weight_title":"500","enable_style_italic":false,"border_title":"border_hover","border_color_title":"","des":"","color_des":"#3c3c3c","fontsize_des":12,"mg_top_des":5,"enable_des_hover":false,"button_style":"button_1","button":"listen now","link":"","fontsize_btn":10,"button_width":120,"bg_opacity_button":1,"enable_button_custom_border":false,"enable_button_hover":false,"btn_text_transform":"uppercase","btn_icon":"","mg_top_btn":20,"color_button":"#232323","border_color_button":"#232323","bg_color_button":"#f5f4ea","bg_color_button_gradient":"","color_button_hover":"#fff","border_color_button_hover":"#232323","bg_color_button_hover":"#232323","bg_color_button_gradient_hover":""}},"image_CDaWwL":{"type":"image","settings":{"enable_image":true,"image":"shopify:\/\/shop_images\/u7983356882_Summer_stream_of_consciousness_photos_lens_shakin_d21a11a1-3c72-4271-b3f7-212bc4b78f86_2.png","title_align":"left","enable_absolute":false,"align_items":"center","align_items_spacing_top_bottom_position":0,"align_items_spacing_top_bottom_position_mb":0,"bg_color_content":"#f5f4ea","align_items_spacing_top":10,"align_items_spacing_bottom":10,"align_items_spacing_lr":10,"sub_title":"","border_sub_title":false,"color_sub_title":"#232323","fontsize_sub_title":20,"font_weight_sub_title":"500","mg_bottom_sub_title":10,"title":"Soundtrack - 2025 Summer","color_title":"#232323","fontsize_title":18,"fontsize_title_mb":16,"font_weight_title":"500","enable_style_italic":false,"border_title":"border_hover","border_color_title":"","des":"","color_des":"#3c3c3c","fontsize_des":12,"mg_top_des":5,"enable_des_hover":false,"button_style":"button_1","button":"listen now","link":"","fontsize_btn":10,"button_width":120,"bg_opacity_button":1,"enable_button_custom_border":false,"enable_button_hover":false,"btn_text_transform":"uppercase","btn_icon":"","mg_top_btn":20,"color_button":"#232323","border_color_button":"#232323","bg_color_button":"#f5f4ea","bg_color_button_gradient":"","color_button_hover":"#fff","border_color_button_hover":"#232323","bg_color_button_hover":"#232323","bg_color_button_gradient_hover":""}}},"block_order":["image_UkBUkY","image_3NXBDk","image_CDaWwL"],"name":"t:sections.spotlight_block.presets.name","settings":{"container":"container","padding_full_width":0,"disable_padding_content":false,"mg_minus_desktop":0,"block_layout":"grid","spotlight_block_swipe_on_mobile":"list","column":"4","column_mb":"1","center_mode":false,"item_distance":5,"item_radius":0,"enable_arrows":true,"enable_arrows_mb":false,"position_horizontal_slick_arrow":"0","enable_dots":false,"enable_dots_mb":true,"display_border_bottom":false,"border_color":"#e3e3e3","spotlight_bg":"#fff","spotlight_bg_gradient":"","enable_custom_position_title":false,"spotlight_block_title":"#Our Soundtrack","enable_border_title":false,"color_title":"#232323","color_title_mb":"","fontsize_title":18,"fontsize_title_mb":15,"margin_bottom_title":15,"spotlight_block_des":"Discover the music world of Mono.M.","color_des":"#3c3c3c","margin_bottom_des":20,"fontsize_des":15,"title_align":"left","view_all_style":"style_1","view_all":"","view_all_fs":12,"view_all_align":"center","font_weight_view_all":"400","mg_bottom_view":30,"enable_border_view_all":true,"link_view_all":"","color_view_all":"#3c3c3c","display_spotlight_button":false,"button_position":"bottom","spotlight_button_text":"","spotlight_button_link":"","color_button":"#fff","border_color_button":"#232323","bg_color_button":"#232323","bg_color_gradient_button":"","color_button_hover":"#232323","border_color_button_hover":"#ffffff","bg_color_button_hover":"#ffffff","bg_color_gradient_button_hover":"","maxwidth_button":230,"mg_top_button":30,"mg_bottom_button":30,"enable_plus_icon":false,"color_plus_icon":"#fff","enable_content_border":false,"content_border_color":"#e2e2e2","enable_shadow":false,"shadow_horizontal_length":0,"shadow_vertical_length":0,"shadow_blur_radius":0,"shadow_spread":0,"shadow_color":"transparent","shadow_inset":"no","mg_top_desktop":50,"mg_top_tablet":50,"mg_top_mobile":50,"mg_bottom_desktop":50,"mg_bottom_tablet":50,"mg_bottom_mobile":50}}},"order":["main","spotlight_block_Fk6wrQ","spotlight_block_Fxd9L6"]}