{"sections":{"main":{"type":"main-about-2-page","blocks":{"d4bab6c1-ab4b-442b-8884-47890038f054":{"type":"content","settings":{"title":"","content":"","content_max_width":1700,"align":"center","content_text_color":"#177853"}}},"block_order":["d4bab6c1-ab4b-442b-8884-47890038f054"],"settings":{"container":"fullwidth","padding_full_width":0,"show_breadcrumb":true,"breadcrumb_color":"#232323","breadcrumb_alignment":"center","show_page_title":true,"page_title_color":"#fafafa","page_title_alignment":"center","about_bg_image":"shopify:\/\/shop_images\/WX20250427-190342_2x_5_1.png","about_bg_image_height":200,"enable_parallax":false,"menu":"","menu_bar_background":"#fafafa","menu_bar_border":"rgba(0,0,0,0)","menu_item_background":"","menu_item_text_color":"#3c3c3c","menu_item_background_color_h":"","menu_item_text_color_h":"#232323","mg_top_desktop":0,"mg_top_tablet":0,"mg_top_mobile":0,"mg_bottom_desktop":0,"mg_bottom_tablet":0,"mg_bottom_mobile":0}},"1647318656cd128338":{"type":"rich-text","blocks":{"164731865614d84454-0":{"type":"heading","disabled":true,"settings":{"heading":"Welcome to Mono.M","heading_size":30,"heading_size_mb":24,"heading_line_height":1,"heading_color":"#177853"}}},"block_order":["164731865614d84454-0"],"disabled":true,"settings":{"container":"container","padding_full_width":0,"enable_border_top":false,"enable_border_bottom":false,"color_border_bottom":"#e8e8e8","enable_minus_mg_top":false,"minus_spacing_top":-100,"rich_text_bg":"#f5f4ea","rich_text_bg_gradient":"","enable_column":false,"content_align":"center","mg_top_desktop":60,"mg_top_tablet":50,"mg_top_mobile":35,"mg_bottom_desktop":60,"mg_bottom_tablet":40,"mg_bottom_mobile":35}},"16473179044a870c08":{"type":"image-banner","blocks":{"13ed6053-c1f6-4137-8015-8351a57b6514":{"type":"smallImg","settings":{"row_reverse":false,"image":"shopify:\/\/shop_images\/pexels-michael-koneckiy-461417719-20585263_jpg_4f42e1a7-3461-42c5-915e-6b7f599ed878.png","small_img_block_style":"style_1","enable_divider":true,"divider_bg_color":"","content_spacing_right":50,"button_spacing_left":50,"button_pos_from_center":0,"content_pos_from_center":0,"divider_position_from_center":0,"small_banner_bg_color":"#fafafa","mg_bottom_icon":25,"image_behavior":"none","sub_title":"","letter_spacing_sub_title":"","font_size_sub_title":14,"font_size_sub_title_mb":14,"margin_bottom_sub_title":14,"sub_heading_font":"font_1","font_weight_sub_title":"700","sub_title_position":"sub_title_above","color_sub_title":"#232323","heading":"Our Journey","letter_spacing_heading":"","font_size_heading":24,"font_size_heading_mb":18,"margin_bottom_heading":22,"font_weight_heading":"600","color_heading":"#232323","text":"<p>Our journey begins from the ground up.<\/p>\n\nIn 2024, Mono.M was born from a spark of inspiration in a chemistry lab—the first place founder Jill visited upon returning to school after 12 years in marketing. As she watched molecules react and transform, she envisioned a brand where science and artistry would intertwine to bring her dreams to life.\n\n<p>At Mono.M, we believe every life is a cinematic journey—filled with moments of joy, celebration, and inspiration. Each story is a beautiful memory worth preserving, and our fragrances are crafted to do just that. Through curiosity, empathy, and meticulous craftsmanship, we transform these stories into poetic scents, designed to be savored slowly in the sanctuary of your home.<\/p>","font_size_des":16,"font_size_des_mb":12,"line_height_des":24,"margin_bottom_des":0,"color_des":"#3c3c3c","content_width":475,"align":"left","enable_content_border":false,"content_border_color":"#232323","video_link":"","adaptive_height_video":"56","icon_style":"style_1","color_icon":"#ffffff","bg_color_icon":"#000000","button_style":"style_1","btn_text":"","link":"shopify:\/\/pages\/about-us-2","button_1_width":165,"enable_button_custom_border":false,"button_color":"#ffffff","button_border":"#232323","button_background":"#232323","button_background_gradient":"","button_color_hover":"#232323","button_border_hover":"#232323","button_background_hover":"#ffffff","button_background_gradient_hover":"","btn_2_text":"Shop Now","link_btn_2":"","button_2_width":235,"button_2_color":"#ffffff","button_2_border":"#232323","button_2_background":"#232323","button_2_background_gradient":"","button_2_color_hover":"#ffffff","button_2_border_hover":"#232323","button_2_background_hover":"#232323","button_2_background_gradient_hover":"","button_2_spacing_top":10}}},"block_order":["13ed6053-c1f6-4137-8015-8351a57b6514"],"settings":{"id_section":"","container":"fullwidth","padding_full_width":0,"display_type":"slide","enable_arrows":false,"arrows_position":"","enable_dots":false,"enable_autoplay":false,"list_gap":0,"image_banner_title":"","enable_border_title":false,"color_title":"#202020","fontsize_title":24,"fontsize_title_mb":20,"margin_bottom_title":25,"image_banner_des":"","color_des":"#202020","fontsize_des":16,"title_align":"center","style_bg":"none","bg_color":"","bg_color_gradient":"","mg_top_desktop":0,"mg_top_tablet":0,"mg_top_mobile":0,"mg_bottom_desktop":0,"mg_bottom_tablet":0,"mg_bottom_mobile":0}},"16474839872eb210cf":{"type":"image-banner","blocks":{"ea48fb40-c5bc-4536-a283-4b32a72b4649":{"type":"smallImg","settings":{"row_reverse":true,"image":"shopify:\/\/shop_images\/IMG_0568_PNG.png","small_img_block_style":"style_3","enable_divider":true,"divider_bg_color":"","content_spacing_right":50,"button_spacing_left":50,"button_pos_from_center":0,"content_pos_from_center":0,"divider_position_from_center":0,"small_banner_bg_color":"#fafafa","mg_bottom_icon":25,"image_behavior":"none","sub_title":"","letter_spacing_sub_title":"","font_size_sub_title":14,"font_size_sub_title_mb":14,"margin_bottom_sub_title":14,"sub_heading_font":"font_1","font_weight_sub_title":"700","sub_title_position":"sub_title_above","color_sub_title":"#232323","heading":"Our Philosophy of Scent","letter_spacing_heading":"","font_size_heading":24,"font_size_heading_mb":18,"margin_bottom_heading":22,"font_weight_heading":"600","color_heading":"#232323","text":"<p>We believe home scents are more than just fragrances.<\/p>\n\n<p>Like a magazine filled with stories, each Mono.M scent tells its own unique tale. Our collection draws inspiration from the depth, complexity, and authenticity of everyday real life stories. Rich, layered fragrances, rather than simple notes, are our signature. In each scent, memories of the past intertwine with dreams of tomorrow. Beyond preserving memories, we hope create new ones with you.<\/p>","font_size_des":16,"font_size_des_mb":12,"line_height_des":24,"margin_bottom_des":33,"color_des":"#3c3c3c","content_width":475,"align":"left","enable_content_border":false,"content_border_color":"#232323","video_link":"","adaptive_height_video":"56","icon_style":"style_1","color_icon":"#ffffff","bg_color_icon":"#000000","button_style":"style_1","btn_text":"","link":"shopify:\/\/pages\/about-us-2","button_1_width":165,"enable_button_custom_border":false,"button_color":"#ffffff","button_border":"#232323","button_background":"#232323","button_background_gradient":"","button_color_hover":"#232323","button_border_hover":"#232323","button_background_hover":"#ffffff","button_background_gradient_hover":"","btn_2_text":"Shop Now","link_btn_2":"","button_2_width":235,"button_2_color":"#ffffff","button_2_border":"#232323","button_2_background":"#232323","button_2_background_gradient":"","button_2_color_hover":"#232323","button_2_border_hover":"#232323","button_2_background_hover":"#ffffff","button_2_background_gradient_hover":"","button_2_spacing_top":10}}},"block_order":["ea48fb40-c5bc-4536-a283-4b32a72b4649"],"settings":{"id_section":"","container":"fullwidth","padding_full_width":0,"display_type":"slide","enable_arrows":false,"arrows_position":"","enable_dots":false,"enable_autoplay":false,"list_gap":0,"image_banner_title":"","enable_border_title":false,"color_title":"#202020","fontsize_title":24,"fontsize_title_mb":20,"margin_bottom_title":25,"image_banner_des":"","color_des":"#202020","fontsize_des":16,"title_align":"center","style_bg":"none","bg_color":"","bg_color_gradient":"","mg_top_desktop":0,"mg_top_tablet":0,"mg_top_mobile":0,"mg_bottom_desktop":0,"mg_bottom_tablet":0,"mg_bottom_mobile":0}},"1647339296880bf6ed":{"type":"image-banner","blocks":{"22b86d0a-5cd4-489f-8b7e-eeebc28d9cb9":{"type":"smallImg","settings":{"row_reverse":false,"image":"shopify:\/\/shop_images\/IMG_0460_HEIC.heic","small_img_block_style":"style_3","enable_divider":true,"divider_bg_color":"#232323","content_spacing_right":50,"button_spacing_left":50,"button_pos_from_center":0,"content_pos_from_center":0,"divider_position_from_center":0,"small_banner_bg_color":"#fafafa","mg_bottom_icon":25,"image_behavior":"none","sub_title":"","letter_spacing_sub_title":"","font_size_sub_title":14,"font_size_sub_title_mb":14,"margin_bottom_sub_title":14,"sub_heading_font":"font_1","font_weight_sub_title":"700","sub_title_position":"sub_title_above","color_sub_title":"#232323","heading":"Our Commitment","letter_spacing_heading":"","font_size_heading":24,"font_size_heading_mb":18,"margin_bottom_heading":22,"font_weight_heading":"600","color_heading":"#232323","text":"<p>Home is everything to us—our sanctuary where we dream, play, and find a sense of belonging. <\/p>\n\n<p>With this in mind, everything in our home must be safe and reassuring. Our candles are hand-poured using only premium certificated ingredients: pure soy and soy-coconut wax, natural fragrance oils, and eco-friendly, lead-free cotton wicks. \n\n<\/p><p>Our candle vessels, crafted by professional artisans we carefully select, embody the warmth of true craftsmanship. Each vessel features an ergonomic curved design for a secure grip, combining elegance with functionality. The vessels stay cool and safe while being moved. This design reflects Mono.M's core concept: that everyone's unique characteristics and edges are beautiful.<\/p>","font_size_des":16,"font_size_des_mb":12,"line_height_des":24,"margin_bottom_des":42,"color_des":"#3c3c3c","content_width":475,"align":"left","enable_content_border":false,"content_border_color":"#232323","video_link":"","adaptive_height_video":"56","icon_style":"style_1","color_icon":"#ffffff","bg_color_icon":"#000000","button_style":"style_1","btn_text":"","link":"shopify:\/\/pages\/about-us-2","button_1_width":165,"enable_button_custom_border":false,"button_color":"#ffffff","button_border":"#232323","button_background":"#232323","button_background_gradient":"","button_color_hover":"#232323","button_border_hover":"#232323","button_background_hover":"#ffffff","button_background_gradient_hover":"","btn_2_text":"Shop Now","link_btn_2":"","button_2_width":235,"button_2_color":"#ffffff","button_2_border":"#232323","button_2_background":"#232323","button_2_background_gradient":"","button_2_color_hover":"#232323","button_2_border_hover":"#232323","button_2_background_hover":"#ffffff","button_2_background_gradient_hover":"","button_2_spacing_top":10}}},"block_order":["22b86d0a-5cd4-489f-8b7e-eeebc28d9cb9"],"settings":{"id_section":"","container":"fullwidth","padding_full_width":0,"display_type":"slide","enable_arrows":false,"arrows_position":"","enable_dots":false,"enable_autoplay":false,"list_gap":0,"image_banner_title":"","enable_border_title":false,"color_title":"#202020","fontsize_title":24,"fontsize_title_mb":20,"margin_bottom_title":25,"image_banner_des":"","color_des":"#202020","fontsize_des":16,"title_align":"center","style_bg":"none","bg_color":"","bg_color_gradient":"","mg_top_desktop":0,"mg_top_tablet":0,"mg_top_mobile":0,"mg_bottom_desktop":0,"mg_bottom_tablet":0,"mg_bottom_mobile":0}},"image_banner_Pi6UQt":{"type":"image-banner","blocks":{"small_img_qrBxxe":{"type":"smallImg","settings":{"row_reverse":true,"image":"shopify:\/\/shop_images\/20124_100_STYLING_FJORD_CANDLE_REFILL_200G.jpg","small_img_block_style":"style_3","enable_divider":true,"divider_bg_color":"","content_spacing_right":50,"button_spacing_left":50,"button_pos_from_center":0,"content_pos_from_center":0,"divider_position_from_center":0,"small_banner_bg_color":"#fafafa","mg_bottom_icon":25,"image_behavior":"none","sub_title":"","letter_spacing_sub_title":"","font_size_sub_title":14,"font_size_sub_title_mb":14,"margin_bottom_sub_title":14,"sub_heading_font":"font_1","font_weight_sub_title":"700","sub_title_position":"sub_title_above","color_sub_title":"#232323","heading":"Crafting Lasting Stories, Not Waste","letter_spacing_heading":"","font_size_heading":24,"font_size_heading_mb":16,"margin_bottom_heading":22,"font_weight_heading":"600","color_heading":"#232323","text":"<p>We strive to reduce unnecessary consumption. The world has enough glass, ceramic, and plaster bottles - and you shouldn't have spent so much money on duplicates.<\/p>\n\n<p>We achieve this through our textured, durable containers crafted by skilled artisans partners we have carefully selected, ensuring the highest quality products. We promote sustainability by offering one initial purchase with the option of refillable candles thereafter.<\/p>","font_size_des":16,"font_size_des_mb":12,"line_height_des":24,"margin_bottom_des":33,"color_des":"#3c3c3c","content_width":475,"align":"left","enable_content_border":false,"content_border_color":"#232323","video_link":"","adaptive_height_video":"56","icon_style":"style_1","color_icon":"#ffffff","bg_color_icon":"#000000","button_style":"style_1","btn_text":"","link":"shopify:\/\/pages\/about-us-2","button_1_width":165,"enable_button_custom_border":false,"button_color":"#ffffff","button_border":"#232323","button_background":"#232323","button_background_gradient":"","button_color_hover":"#232323","button_border_hover":"#232323","button_background_hover":"#ffffff","button_background_gradient_hover":"","btn_2_text":"Shop Now","link_btn_2":"","button_2_width":235,"button_2_color":"#ffffff","button_2_border":"#232323","button_2_background":"#232323","button_2_background_gradient":"","button_2_color_hover":"#232323","button_2_border_hover":"#232323","button_2_background_hover":"#ffffff","button_2_background_gradient_hover":"","button_2_spacing_top":10}}},"block_order":["small_img_qrBxxe"],"settings":{"id_section":"","container":"fullwidth","padding_full_width":0,"display_type":"slide","enable_arrows":false,"arrows_position":"","enable_dots":false,"enable_autoplay":false,"list_gap":0,"image_banner_title":"","enable_border_title":false,"color_title":"#202020","fontsize_title":24,"fontsize_title_mb":20,"margin_bottom_title":25,"image_banner_des":"","color_des":"#202020","fontsize_des":16,"title_align":"center","style_bg":"none","bg_color":"","bg_color_gradient":"","mg_top_desktop":0,"mg_top_tablet":0,"mg_top_mobile":0,"mg_bottom_desktop":0,"mg_bottom_tablet":0,"mg_bottom_mobile":0}},"image_banner_Lehgjp":{"type":"image-banner","blocks":{"large_img_tWpphB":{"type":"largeImg","settings":{"image":"shopify:\/\/shop_images\/u7983356882_Forest_in_the_valley_real_photography_--v_6.1_c3d7b99d-f774-4a4b-9e7a-99ceb685dae6_0_1_2.png","mobile_image":"shopify:\/\/shop_images\/u7983356882_Forest_in_the_valley_real_photography_--v_6.1_c3d7b99d-f774-4a4b-9e7a-99ceb685dae6_0_1.png","enable_max_width_image":false,"custom_width_image":1920,"enable_scroll_down":false,"enable_custom_image":false,"image_behavior":"none","sub_title":"","border_sub_title":false,"font_size_sub_title":14,"font_size_sub_title_mb":14,"margin_bottom_sub_title":6,"sub_heading_font":"font_1","font_weight_sub_title":"700","sub_title_position":"sub_title_above","color_sub_title":"#232323","color_sub_title_mb":"#ffffff","heading":"Packaging Commitment","letter_spacing_heading":"","enable_style_italic":false,"font_size_heading":30,"font_size_heading_mb":18,"margin_bottom_heading":20,"font_weight_heading":"600","color_heading":"#f5f4ea","color_heading_mb":"#3e3e3a","border_title":"border_s1","border_color_title":"#f5f4ea","border_color_title_mobile":"#3e3e3a","text":"<p>We recognize that super fancy packaging often serves as a marketing tactic to drive impulse purchases. However, this is not Mono.M's packaging strategy. <\/p>\n\n<p>We strive to balance aesthetics and environmental responsibility through our use of recyclable boxes and customized eco-friendly paper materials. Our commitment to sustainability and functionality drives us to stay current with the latest developments, aiming for 100% recyclability of all components. We continuously improve our packaging to minimize our environmental impact.<\/p>","font_size_des":15,"font_size_des_mb":12,"line_height_des":20,"margin_bottom_des":20,"color_des":"#ffffff","color_des_mb":"#ffffff","countdown":"","hide_countdown_fc":"countdown","countdown_style":"round","countdown_position":"countdown_below_desc","font_size_countdown_number":30,"font_size_countdown_text":14,"color_countdown":"#232323","color_countdown_mb":"#ffffff","countdown_margin_bottom":35,"content_width":475,"bg_color_content":"","align":"center","align_items":"center","position":"center","custom_horizontal":"","custom_vertical":"","btn_text":"","link":"","btn_icon":"","button_1_width":235,"enable_button_custom_border":false,"button_color":"#ffffff","button_border":"#232323","button_background":"#232323","button_background_gradient":"","button_color_hover":"#ffffff","button_border_hover":"#232323","button_background_hover":"#232323","button_background_gradient_hover":"","btn_text_2":"","link_2":"","btn_icon_2":"","button_color_2":"#ffffff","button_border_2":"#232323","button_background_2":"#232323","button_background_2_gradient":"","button_color_hover_2":"#ffffff","button_border_hover_2":"#232323","button_background_hover_2":"#232323","button_background_gradient_hover_2":"","video_link":"","adaptive_height_video":"56","icon_style":"style_1","color_icon":"#ffffff","bg_color_icon":"#000000","enable_custom_video_icon_position":false,"video_icon_horizontal_position":"","video_icon_vertical_position":"","video_icon_horizontal_position_mb":"","video_icon_vertical_position_mb":""}}},"block_order":["large_img_tWpphB"],"name":"t:sections.image-banner.presets.name","settings":{"id_section":"","container":"fullwidth","padding_full_width":0,"display_type":"slide","enable_arrows":false,"arrows_position":"","enable_dots":false,"enable_autoplay":false,"list_gap":0,"image_banner_title":"","enable_border_title":false,"color_title":"#202020","fontsize_title":20,"fontsize_title_mb":20,"margin_bottom_title":25,"image_banner_des":"","color_des":"#202020","fontsize_des":16,"title_align":"center","style_bg":"none","bg_color":"","bg_color_gradient":"","mg_top_desktop":50,"mg_top_tablet":0,"mg_top_mobile":0,"mg_bottom_desktop":50,"mg_bottom_tablet":0,"mg_bottom_mobile":0}},"image_banner_PQmXFL":{"type":"image-banner","blocks":{"small_img_83dE8z":{"type":"smallImg","settings":{"row_reverse":true,"image":"shopify:\/\/shop_images\/IMG_2386.png","small_img_block_style":"style_3","enable_divider":true,"divider_bg_color":"","content_spacing_right":50,"button_spacing_left":50,"button_pos_from_center":0,"content_pos_from_center":0,"divider_position_from_center":0,"small_banner_bg_color":"#fafafa","mg_bottom_icon":25,"image_behavior":"none","sub_title":"","letter_spacing_sub_title":"","font_size_sub_title":14,"font_size_sub_title_mb":14,"margin_bottom_sub_title":14,"sub_heading_font":"font_1","font_weight_sub_title":"700","sub_title_position":"sub_title_above","color_sub_title":"#232323","heading":"Our Community - Mono.M Club","letter_spacing_heading":"","font_size_heading":24,"font_size_heading_mb":18,"margin_bottom_heading":22,"font_weight_heading":"600","color_heading":"#232323","text":"<p>Mono.M brings together people who share similar values, aesthetics, and passions for fragrance and music. Through authentic sharing and meaningful conversations, we build lasting connections with our community. We believe in serendipity—that kindred spirits naturally gravitate toward each other.<\/p>\n<p>As music lovers ourselves, the Mono.M team carefully curates quarterly and themed playlists that complement our original products. Light a Mono.M candle, play our specially selected music(monom.club\/playlist), and discover how these sensory experiences blend to create something magical.<\/p>","font_size_des":16,"font_size_des_mb":12,"line_height_des":22,"margin_bottom_des":33,"color_des":"#3c3c3c","content_width":475,"align":"left","enable_content_border":false,"content_border_color":"#232323","video_link":"","adaptive_height_video":"56","icon_style":"style_1","color_icon":"#ffffff","bg_color_icon":"#000000","button_style":"style_1","btn_text":"","link":"shopify:\/\/pages\/about-us-2","button_1_width":165,"enable_button_custom_border":false,"button_color":"#ffffff","button_border":"#232323","button_background":"#232323","button_background_gradient":"","button_color_hover":"#232323","button_border_hover":"#232323","button_background_hover":"#ffffff","button_background_gradient_hover":"","btn_2_text":"","link_btn_2":"","button_2_width":235,"button_2_color":"#ffffff","button_2_border":"#232323","button_2_background":"#232323","button_2_background_gradient":"","button_2_color_hover":"#232323","button_2_border_hover":"#232323","button_2_background_hover":"#ffffff","button_2_background_gradient_hover":"","button_2_spacing_top":10}}},"block_order":["small_img_83dE8z"],"settings":{"id_section":"","container":"fullwidth","padding_full_width":0,"display_type":"slide","enable_arrows":false,"arrows_position":"","enable_dots":false,"enable_autoplay":false,"list_gap":0,"image_banner_title":"","enable_border_title":false,"color_title":"#202020","fontsize_title":24,"fontsize_title_mb":20,"margin_bottom_title":25,"image_banner_des":"","color_des":"#202020","fontsize_des":16,"title_align":"center","style_bg":"none","bg_color":"","bg_color_gradient":"","mg_top_desktop":0,"mg_top_tablet":0,"mg_top_mobile":0,"mg_bottom_desktop":0,"mg_bottom_tablet":0,"mg_bottom_mobile":0}},"image_banner_ARLqPy":{"type":"image-banner","blocks":{"small_img_NpnCqy":{"type":"smallImg","settings":{"row_reverse":false,"image":"shopify:\/\/shop_images\/Group_86.png","small_img_block_style":"style_3","enable_divider":true,"divider_bg_color":"#232323","content_spacing_right":50,"button_spacing_left":50,"button_pos_from_center":0,"content_pos_from_center":0,"divider_position_from_center":0,"small_banner_bg_color":"#fafafa","mg_bottom_icon":25,"image_behavior":"none","sub_title":"","letter_spacing_sub_title":"","font_size_sub_title":14,"font_size_sub_title_mb":14,"margin_bottom_sub_title":14,"sub_heading_font":"font_1","font_weight_sub_title":"700","sub_title_position":"sub_title_above","color_sub_title":"#232323","heading":"","letter_spacing_heading":"","font_size_heading":24,"font_size_heading_mb":24,"margin_bottom_heading":22,"font_weight_heading":"600","color_heading":"#232323","text":"\"Our vision is to build a home fragrance brand that warms hearts, sparks joy, and prioritizes quality while championing sustainability. We are dedicated to enhancing the user experience and contributing to the protection of our global environment.“\n\n<p>— Jill Gao, Founder&CEO<\/p>","font_size_des":16,"font_size_des_mb":12,"line_height_des":24,"margin_bottom_des":42,"color_des":"#3c3c3c","content_width":475,"align":"left","enable_content_border":false,"content_border_color":"#232323","video_link":"","adaptive_height_video":"56","icon_style":"style_1","color_icon":"#ffffff","bg_color_icon":"#000000","button_style":"style_1","btn_text":"","link":"shopify:\/\/pages\/about-us-2","button_1_width":165,"enable_button_custom_border":false,"button_color":"#ffffff","button_border":"#232323","button_background":"#232323","button_background_gradient":"","button_color_hover":"#232323","button_border_hover":"#232323","button_background_hover":"#ffffff","button_background_gradient_hover":"","btn_2_text":"","link_btn_2":"","button_2_width":235,"button_2_color":"#ffffff","button_2_border":"#232323","button_2_background":"#232323","button_2_background_gradient":"","button_2_color_hover":"#232323","button_2_border_hover":"#232323","button_2_background_hover":"#ffffff","button_2_background_gradient_hover":"","button_2_spacing_top":10}}},"block_order":["small_img_NpnCqy"],"settings":{"id_section":"","container":"fullwidth","padding_full_width":0,"display_type":"slide","enable_arrows":false,"arrows_position":"","enable_dots":false,"enable_autoplay":false,"list_gap":0,"image_banner_title":"","enable_border_title":false,"color_title":"#202020","fontsize_title":24,"fontsize_title_mb":20,"margin_bottom_title":25,"image_banner_des":"","color_des":"#202020","fontsize_des":16,"title_align":"center","style_bg":"none","bg_color":"","bg_color_gradient":"","mg_top_desktop":0,"mg_top_tablet":0,"mg_top_mobile":0,"mg_bottom_desktop":0,"mg_bottom_tablet":0,"mg_bottom_mobile":0}},"custom_press_banner_GnmVpE":{"type":"custom-press-banner","name":"t:sections.custom_press_banner.presets.name","settings":{"container":"fullwidth","padding_full_width":0,"press_bg":"#fafafa","press_gradient":"","press_bg_image":"shopify:\/\/shop_images\/WX20250427-190342_2x_4.png","align_items":"center","press_image":"shopify:\/\/shop_images\/Group_208.png","press_image_width":750,"press_image_width_ratio":51,"sub_title":"","letter_spacing_sub_title":"","font_size_sub_title":14,"font_size_sub_title_mb":14,"margin_bottom_sub_title":14,"font_weight_sub_title":"700","sub_title_position":"sub_title_above","color_sub_title":"#232323","title":"","title_font_size":80,"title_font_size_mb":20,"title_font_weight":"700","mg_bottom_title":15,"title_color":"#000000","des":"","des_font_size":12,"des_font_size_mb":12,"des_font_weight":"400","mg_bottom_des":15,"des_color":"#000000","item_spacing":120,"content_max_width":260,"button_text":"","button_link":"","fontsize_btn":16,"button_width":190,"color_button":"#ffffff","border_color_button":"#232323","bg_color_button":"#232323","bg_gradient_color_button":"","color_button_hover":"#ffffff","border_color_button_hover":"#232323","bg_color_button_hover":"#232323","bg_gradient_color_button_hover":"","btn_text_transform":"uppercase","image_behavior":"none","mg_top_desktop":0,"mg_top_tablet":35,"mg_top_mobile":40,"mg_bottom_desktop":0,"mg_bottom_tablet":35,"mg_bottom_mobile":40}},"1647480389497d7c43":{"type":"custom-service-block","blocks":{"4fa051b7-7efe-4fea-ba27-4589826d875a":{"type":"Text","settings":{"bg_color_block":"#ffffff","border_block":"#ffffff","icon_type":"image","icon":"","width_icon":64,"height_icon":64,"mg_bottom_icon":30,"color_icon":"#3c3c3c","text":"Annie.L","type_tab_font":"font_1","fontsize_title_block":18,"fontsize_title_block_mb":18,"title_block_font_weight":"700","mg_bottom_title":9,"mg_bottom_title_mb":0,"color_block":"#232323","description":"MANAGING DIRECTOR","fontsize_des_block":12,"fontsize_des_block_mb":12,"lineheight_des_block":22,"mg_bottom_des":0,"color_des_block":"#3c3c3c","button":"","link":"","button_style":"style1","fontsize_button":14,"button_width":235,"fontweight_button":"500","enable_underline_button":false,"color_button":"#ba7a2d","button_border":"","button_background":"","button_background_gradient":"","button_color_hover":"#ba7a2d","button_border_hover":"","button_background_hover":"","button_background_gradient_hover":""}},"a9a9a3e7-2abf-42fc-ae34-4fa2b26e0e49":{"type":"Text","settings":{"bg_color_block":"#ffffff","border_block":"#ffffff","icon_type":"image","icon":"","width_icon":64,"height_icon":64,"mg_bottom_icon":30,"color_icon":"#3c3c3c","text":"Monica.B","type_tab_font":"font_1","fontsize_title_block":18,"fontsize_title_block_mb":18,"title_block_font_weight":"700","mg_bottom_title":9,"mg_bottom_title_mb":0,"color_block":"#232323","description":"ART DIRECTOR","fontsize_des_block":12,"fontsize_des_block_mb":12,"lineheight_des_block":22,"mg_bottom_des":0,"color_des_block":"#3c3c3c","button":"","link":"","button_style":"style1","fontsize_button":14,"button_width":235,"fontweight_button":"500","enable_underline_button":false,"color_button":"#ba7a2d","button_border":"","button_background":"","button_background_gradient":"","button_color_hover":"#ba7a2d","button_border_hover":"","button_background_hover":"","button_background_gradient_hover":""}},"eac608dc-3f8e-4e87-afc3-6cb030cd1414":{"type":"Text","settings":{"bg_color_block":"#ffffff","border_block":"#ffffff","icon_type":"image","icon":"","width_icon":64,"height_icon":64,"mg_bottom_icon":30,"color_icon":"#3c3c3c","text":"Tracy. Ng","type_tab_font":"font_1","fontsize_title_block":18,"fontsize_title_block_mb":18,"title_block_font_weight":"700","mg_bottom_title":9,"mg_bottom_title_mb":0,"color_block":"#232323","description":"FASHION DESIGNER","fontsize_des_block":12,"fontsize_des_block_mb":12,"lineheight_des_block":22,"mg_bottom_des":0,"color_des_block":"#3c3c3c","button":"","link":"","button_style":"style1","fontsize_button":14,"button_width":235,"fontweight_button":"500","enable_underline_button":false,"color_button":"#ba7a2d","button_border":"","button_background":"","button_background_gradient":"","button_color_hover":"#ba7a2d","button_border_hover":"","button_background_hover":"","button_background_gradient_hover":""}}},"block_order":["4fa051b7-7efe-4fea-ba27-4589826d875a","a9a9a3e7-2abf-42fc-ae34-4fa2b26e0e49","eac608dc-3f8e-4e87-afc3-6cb030cd1414"],"disabled":true,"settings":{"id_section":"","container":"1770","padding_full_width":15,"display_border_top":false,"display_border_bottom":false,"border_color":"#d0d0d0","service_block_swipe_on_mobile":"slider","color_icon_slider":"#212121","service_block_style":"style_1","policies_bg":"#f5f4ea","policies_bg_gradient":"","service_block_title":"MEET THE FOUNDER","enable_border_title":false,"color_title":"#232323","fontsize_title":24,"fontsize_title_mb":20,"mg_bottom_title_service_block":26,"mg_bottom_title_service_block_mb":0,"service_block_des":"<span>\"Our vision is to build a home fragrance brand that warms hearts, sparks joy, and prioritizes quality while championing sustainability. We are dedicated to enhancing the user experience and contributing to the protection of our global environment.“ <\/span>","service_block_des_pos":"top","color_des":"#3c3c3c","fontsize_des":12,"mg_top_service_block_des":20,"mg_bottom_service_block_des":40,"view_all":"","view_all_align":"center","font_weight_view_all":"400","mg_top_view":0,"mg_bottom_view":30,"enable_border_view_all":true,"link_view_all":"","color_view_all":"#3c3c3c","icon_view_all":"","color_view_all_icon":"#eb492f","title_align":"center","item_width":"full_width","border_item":"none","enable_item_distance":true,"enable_hover_box_shadow":false,"enable_hover_effects_top":false,"item_padding_top":13,"item_padding_bottom":15,"item_padding_left_right":0,"item_radius":4,"grid_gap":30,"item_align":"center","enable_block_bottom":false,"bg_block_bottom":"#000000","btn_text_block_bottom":"Shop Now","button_link_block_bottom":"","button_1_width_block_bottom":235,"button_color_block_bottom":"#ffffff","button_border_block_bottom":"#232323","button_background_block_bottom":"#232323","button_background_gradient_block_bottom":"","button_color_hover_block_bottom":"#ffffff","button_border_hover_block_bottom":"#232323","button_background_hover_block_bottom":"#232323","button_background_gradient_hover_block_bottom":"","btn_2_text_block_bottom":"Shop Now","button_link_2_block_bottom":"","button_2_width_block_bottom":235,"button_2_color_block_bottom":"#ffffff","button_2_border_block_bottom":"#232323","button_2_background_block_bottom":"#232323","button_2_background_gradient_block_bottom":"","button_2_color_hover_block_bottom":"#ffffff","button_2_border_hover_block_bottom":"#232323","button_2_background_hover_block_bottom":"#232323","button_2_background_gradient_hover_block_bottom":"","mg_top_desktop":45,"mg_top_tablet":0,"mg_top_mobile":20,"mg_bottom_desktop":0,"mg_bottom_tablet":0,"mg_bottom_mobile":0}}},"order":["main","1647318656cd128338","16473179044a870c08","16474839872eb210cf","1647339296880bf6ed","image_banner_Pi6UQt","image_banner_Lehgjp","image_banner_PQmXFL","image_banner_ARLqPy","custom_press_banner_GnmVpE","1647480389497d7c43"]}