{"sections":{"main":{"type":"main-product","blocks":{"2e8c7c14-a0ad-4930-a1d8-3def05310426":{"type":"breadcrumb","disabled":true,"settings":{"breadcrumb_layout":"full","breadcrumb_alignment":"left","breadcrumb_bg":"rgba(0,0,0,0)","breadcrumb_gradient":"","breadcrumb_bg_mb":"#f6f6f6","breadcrumb_gradient_mb":"","breadcrumb_mg_top_desktop":10,"breadcrumb_mg_top_mobile":0,"breadcrumb_mg_bottom_desktop":20,"breadcrumb_mg_bottom_mobile":10}},"b0ea69b7-8a54-4a3c-9abd-0fcceeabaaa0":{"type":"title","settings":{"fontsize_text":27,"fontsize_text_mb":25,"color_title":"#232323","spacing_top":15,"spacing_bottom":10}},"0e4ea696-4820-4c98-aaa6-806d41782a3d":{"type":"meta","disabled":true,"settings":{"show_sold_in":false,"sold_in_number":"3,5,6,7,8,10,12,15","sold_in_hours":"10,15,16,17,18,20,25,35","color_text_sold_in":"#e95144","spacing_top":0,"spacing_bottom":14}},"4036f89b-c2c5-49a4-9d6b-2fd29ce7c46c":{"type":"short_description","settings":{"show_short_description":false,"word_number":"30","fontsize_text":15,"color_text":"#727272","spacing_top":10,"spacing_bottom":10}},"4e59f24a-8859-4579-a80a-d70e6f1bf66b":{"type":"info","disabled":true,"settings":{"show_vendor":false,"show_sku":false,"show_barcode":false,"show_availability":false,"show_product_type":false,"stock_level_display":"none","enable_border_top":false,"enable_border_bottom":false,"color_border":"#e6e6e6","spacing_top":0,"spacing_bottom":10}},"4f95b592-8369-4ab0-b30d-24e463fb6890":{"type":"price","settings":{"fontsize_text":20,"spacing_top":17,"spacing_bottom":17}},"d98e243b-3682-495a-965a-1c7f7d460880":{"type":"variant_picker","disabled":true,"settings":{"picker_type":"dropdown","show_variant_image_group":false,"enable_border_top":false,"enable_border_bottom":false,"color_border":"#e6e6e6","spacing_top":0,"spacing_bottom":0}},"d97e417a-941b-4a5d-bef3-a651adb918d8":{"type":"variant_description","disabled":true,"settings":{"spacing_top":10,"spacing_bottom":12}},"faa2b3e6-c0a1-4269-baa6-d2605efe4c05":{"type":"quantity_selector","settings":{"qty_style":"1","qty_layout":"1","spacing_top":15,"spacing_bottom":15}},"04ea8843-f461-4f1d-8ea4-43f62fdfb21e":{"type":"perks","settings":{"show_size_chart":false,"size_chart_type":"custom_image","size_chart_page":"","size_chart_image_type":"jpg","show_compare_color":true,"show_compare_color_drop_drap":true,"compare_layout":"1","spacing_top":0,"spacing_bottom":22}},"f1b31d90-1e43-4948-9fe3-97ba43f6fb34":{"type":"buy_buttons","source":"{{ product.metafields.custom.options.value }}","settings":{"show_dynamic_checkout":true,"show_gift_card_recipient":true,"atc_animation":"none","atc_color":"#232323","atc_border_color":"#232323","atc_bg_color":"#eeec78","atc_bg_color_gradient":"","atc_color_hover":"#232323","atc_border_color_hover":"#232323","atc_bg_color_hover":"#eeec78","atc_bg_color_gradient_hover":"linear-gradient(0deg, rgba(255, 154, 98, 1), rgba(255, 204, 75, 1) 100%)","bin_color":"#232323","bin_border_color":"#acacac","bin_bg_color":"#ffffff","bin_bg_color_gradient":"","bin_color_hover":"#ffffff","bin_border_color_hover":"#232323","bin_bg_color_hover":"#232323","bin_bg_color_hover_gradient":"","spacing_top":15,"spacing_bottom":15}},"683f2b15-db3b-4f63-8d0f-e688cc678581":{"type":"customer_viewing","disabled":true,"settings":{"customer_viewing_number":"283, 100, 59, 11, 14, 185, 193, 165, 50, 38, 99, 112, 46, 10, 125, 200, 250, 18","customer_viewing_time":5,"spacing_top":0,"spacing_bottom":22}},"19de9abb-17c8-4d67-941d-b32706ed06fd":{"type":"pickup_availability","disabled":true,"settings":{"show_pickup_availability":true,"spacing_top":0,"spacing_bottom":27}},"10093fcf-2053-47e9-bedb-841bb0d046fa":{"type":"trust_image","disabled":true,"settings":{"show_trust_image":true,"spacing_top":0,"spacing_bottom":0}},"custom_9yYVcT":{"type":"custom","settings":{"open_tab_mobile":false,"title":"Scented Notes","type":"metafield","content":"","product_custom_source":"key_text","product_tab_key_metafield":"scent_notes","enable_btn_show_more":true,"maximum_des_to_show":300}},"custom_HDCVXJ":{"type":"custom","settings":{"open_tab_mobile":false,"title":"Wax & Ingredients","type":"metafield","content":"","product_custom_source":"key_text","product_tab_key_metafield":"wax_ingredients_details","enable_btn_show_more":false,"maximum_des_to_show":300}},"custom_aTqjen":{"type":"custom","settings":{"open_tab_mobile":false,"title":"Benefits","type":"metafield","content":"","product_custom_source":"key_text","product_tab_key_metafield":"benefits","enable_btn_show_more":false,"maximum_des_to_show":300}},"custom_LCMH9y":{"type":"custom","settings":{"open_tab_mobile":false,"title":"Size & Burn Time","type":"metafield","content":"","product_custom_source":"key_text","product_tab_key_metafield":"size_burn_time","enable_btn_show_more":false,"maximum_des_to_show":300}},"3d9ea84d-5527-4bce-abe6-5debef3ec955":{"type":"custom","disabled":true,"settings":{"open_tab_mobile":false,"title":"Shipping & Return","type":"all","content":"<h3>Returns Policy<\/h3>\n<p>You may return most new, unopened items within 30 days of delivery for a full refund. We'll also pay the return shipping costs if the return is a result of our error (you received an incorrect or defective item, etc.).<\/p>\n<p>You should expect to receive your refund within four weeks of giving your package to the return shipper, however, in many cases you will receive a refund more quickly. This time period includes the transit time for us to receive your return from the shipper (5 to 10 business days), the time it takes us to process your return once we receive it (3 to 5 business days), and the time it takes your bank to process our refund request (5 to 10 business days).<\/p>\n<p>If you need to return an item, simply login to your account, view the order using the \"Complete Orders\" link under the My Account menu and click the Return Item(s) button. We'll notify you via e-mail of your refund once we've received and processed the returned item.<\/p>\n<h3>Shipping<\/h3>\n<p>We can ship to virtually any address in the world. Note that there are restrictions on some products, and some products cannot be shipped to international destinations.<\/p>\n<p>When you place an order, we will estimate shipping and delivery dates for you based on the availability of your items and the shipping options you choose. Depending on the shipping provider you choose, shipping date estimates may appear on the shipping quotes page.<\/p>\n<p>Please also note that the shipping rates for many items we sell are weight-based. The weight of any such item can be found on its detail page. To reflect the policies of the shipping companies we use, all weights will be rounded up to the next full pound.<\/p>","product_custom_source":"dynamic","product_tab_key_metafield":"","enable_btn_show_more":false,"maximum_des_to_show":300}},"19ab1d9f-74b2-4c76-bf2e-1bc749e5c2a3":{"type":"share","settings":{"show_share":true,"share_layout":"3","spacing_top":0,"spacing_bottom":0}},"a86220cf-8641-4e06-87d3-b5ffa195501b":{"type":"custom_information","disabled":true,"settings":{"icon":"<svg aria-hidden=\"true\" focusable=\"false\" data-prefix=\"fal\" data-icon=\"shipping-fast\" role=\"img\" xmlns=\"http:\/\/www.w3.org\/2000\/svg\" viewbox=\"0 0 640 512\"><path fill=\"currentColor\" d=\"M280 192c4.4 0 8-3.6 8-8v-16c0-4.4-3.6-8-8-8H40c-4.4 0-8 3.6-8 8v16c0 4.4 3.6 8 8 8h240zm352 192h-24V275.9c0-16.8-6.8-33.3-18.8-45.2l-83.9-83.9c-11.8-12-28.3-18.8-45.2-18.8H416V78.6c0-25.7-22.2-46.6-49.4-46.6H113.4C86.2 32 64 52.9 64 78.6V96H8c-4.4 0-8 3.6-8 8v16c0 4.4 3.6 8 8 8h240c4.4 0 8-3.6 8-8v-16c0-4.4-3.6-8-8-8H96V78.6c0-8.1 7.8-14.6 17.4-14.6h253.2c9.6 0 17.4 6.5 17.4 14.6V384H207.6C193 364.7 170 352 144 352c-18.1 0-34.6 6.2-48 16.4V288H64v144c0 44.2 35.8 80 80 80s80-35.8 80-80c0-5.5-.6-10.8-1.6-16h195.2c-1.1 5.2-1.6 10.5-1.6 16 0 44.2 35.8 80 80 80s80-35.8 80-80c0-5.5-.6-10.8-1.6-16H632c4.4 0 8-3.6 8-8v-16c0-4.4-3.6-8-8-8zm-488 96c-26.5 0-48-21.5-48-48s21.5-48 48-48 48 21.5 48 48-21.5 48-48 48zm272-320h44.1c8.4 0 16.7 3.4 22.6 9.4l83.9 83.9c.8.8 1.1 1.9 1.8 2.8H416V160zm80 320c-26.5 0-48-21.5-48-48s21.5-48 48-48 48 21.5 48 48-21.5 48-48 48zm80-96h-16.4C545 364.7 522 352 496 352s-49 12.7-63.6 32H416v-96h160v96zM256 248v-16c0-4.4-3.6-8-8-8H8c-4.4 0-8 3.6-8 8v16c0 4.4 3.6 8 8 8h240c4.4 0 8-3.6 8-8z\"><\/path><\/svg>","color_icon":"#232323","text":"Free Shipping","color_title":"#232323","text_description":"<p>Free standard shipping on orders over $99<\/p>\n<p>Estimated to be delivered on 12\/01\/2022 - 15\/10\/2022.<\/p>","color_des":"#4d4d4d","fontsize_text":12,"content_popup":"<div class=\"halo-text-format\">\n<p>We can ship to virtually any address in the world. Note that there are restrictions on some products, and some products cannot be shipped to international destinations.<\/p>\n<p>When you place an order, we will estimate shipping and delivery dates for you based on the availability of your items and the shipping options you choose. Depending on the shipping provider you choose, shipping date estimates may appear on the shipping quotes page.<\/p>\n<p>Please also note that the shipping rates for many items we sell are weight-based. The weight of any such item can be found on its detail page. To reflect the policies of the shipping companies we use, all weights will be rounded up to the next full pound.<\/p>\t\t\t\t\t\t<\/div>","spacing_top":0,"spacing_bottom":12}},"058d88b7-6cce-4aae-a5c4-b8193bbdfa7f":{"type":"custom_information","disabled":true,"settings":{"icon":"<svg aria-hidden=\"true\" focusable=\"false\" data-prefix=\"fal\" data-icon=\"shield-alt\" role=\"img\" xmlns=\"http:\/\/www.w3.org\/2000\/svg\" viewbox=\"0 0 512 512\">\n    <path fill=\"currentColor\" d=\"M466.5 83.7l-192-80a48.15 48.15 0 0 0-36.9 0l-192 80C27.7 91.1 16 108.6 16 128c0 198.5 114.5 335.7 221.5 380.3 11.8 4.9 25.1 4.9 36.9 0C360.1 472.6 496 349.3 496 128c0-19.4-11.7-36.9-29.5-44.3zM262.2 478.8c-4 1.6-8.4 1.6-12.3 0C152 440 48 304 48 128c0-6.5 3.9-12.3 9.8-14.8l192-80c3.9-1.6 8.4-1.6 12.3 0l192 80c6 2.5 9.9 8.3 9.8 14.8.1 176-103.9 312-201.7 350.8zM256 411V100l-142.7 59.5c10.1 120.1 77.1 215 142.7 251.5zm-32-66.8c-36.4-39.9-65.8-97.8-76.1-164.5L224 148z\"><\/path>\n<\/svg>","color_icon":"#232323","text":"Free Returns","color_title":"#232323","text_description":"Learn More.","color_des":"#4d4d4d","fontsize_text":12,"content_popup":"<div class=\"halo-text-format\">\n\t\t\t\t\t\t\n<p>You may return most new, unopened items within 30 days of delivery for a full refund. We'll also pay the return shipping costs if the return is a result of our error (you received an incorrect or defective item, etc.).<\/p>\n<p>You should expect to receive your refund within four weeks of giving your package to the return shipper, however, in many cases you will receive a refund more quickly. This time period includes the transit time for us to receive your return from the shipper (5 to 10 business days), the time it takes us to process your return once we receive it (3 to 5 business days), and the time it takes your bank to process our refund request (5 to 10 business days).<\/p>\n<p>If you need to return an item, simply login to your account, view the order using the \"Complete Orders\" link under the My Account menu and click the Return Item(s) button. We'll notify you via e-mail of your refund once we've received and processed the returned item.<\/p>\n\t\t\t\t\t\t\t<\/div>","spacing_top":0,"spacing_bottom":14}},"36addb13-cd73-4713-a15c-7d846c4724e7":{"type":"custom_information","disabled":true,"settings":{"icon":"<svg aria-hidden=\"true\" focusable=\"false\" data-prefix=\"fal\" data-icon=\"exclamation-triangle\" role=\"img\" xmlns=\"http:\/\/www.w3.org\/2000\/svg\" viewbox=\"0 0 576 512\"><path fill=\"currentColor\" d=\"M270.2 160h35.5c3.4 0 6.1 2.8 6 6.2l-7.5 196c-.1 3.2-2.8 5.8-6 5.8h-20.5c-3.2 0-5.9-2.5-6-5.8l-7.5-196c-.1-3.4 2.6-6.2 6-6.2zM288 388c-15.5 0-28 12.5-28 28s12.5 28 28 28 28-12.5 28-28-12.5-28-28-28zm281.5 52L329.6 24c-18.4-32-64.7-32-83.2 0L6.5 440c-18.4 31.9 4.6 72 41.6 72H528c36.8 0 60-40 41.5-72zM528 480H48c-12.3 0-20-13.3-13.9-24l240-416c6.1-10.6 21.6-10.7 27.7 0l240 416c6.2 10.6-1.5 24-13.8 24z\"><\/path><\/svg>","color_icon":"#232323","text":"Covid-19 Shipping Delay Notice","color_title":"#232323","text_description":"","color_des":"#999999","fontsize_text":12,"content_popup":"<div class=\"halo-text-format\">\n\t\t\t\t\t\t\t\t<p>Lorem ipsum dolor sit amet, consectetur adipiscing elit, sed do eiusmod tempor incididunt ut labore et dolore magna aliqua. Ut enim ad minim veniam, quis nostrud exercitation ullamco laboris nisi ut aliquip ex ea commodo consequat. Duis aute irure dolor in reprehenderit in voluptate velit esse cillum dolore eu fugiat nulla pariatur. Excepteur sint occaecat cupidatat non proident, sunt in culpa qui officia deserunt mollit anim id est laborum.<\/p>\n\t\t\t\t\t\t\t<\/div>","spacing_top":0,"spacing_bottom":0}},"9630b233-8164-4dad-ab64-8830bedf328a":{"type":"complementary_products","disabled":true,"settings":{"complementary_product_title":"Pairs well with","complementary_product_layout":"2","complementary_product_limit_1":2,"complementary_product_limit_2":3,"complementary_product_arrows":false,"complementary_product_dots":true,"complementary_product_object":"cover","complementary_product_button_atc":false,"spacing_top":30,"spacing_bottom":0}},"appstle_bundles_appstle_volume_discount_bundle_x6XMbU":{"type":"shopify:\/\/apps\/appstle-bundles\/blocks\/appstle-volume-discount-bundle\/8909921b-2d24-4d68-9b12-9d045d3dcb0a","settings":{}}},"block_order":["2e8c7c14-a0ad-4930-a1d8-3def05310426","b0ea69b7-8a54-4a3c-9abd-0fcceeabaaa0","0e4ea696-4820-4c98-aaa6-806d41782a3d","4036f89b-c2c5-49a4-9d6b-2fd29ce7c46c","4e59f24a-8859-4579-a80a-d70e6f1bf66b","4f95b592-8369-4ab0-b30d-24e463fb6890","d98e243b-3682-495a-965a-1c7f7d460880","d97e417a-941b-4a5d-bef3-a651adb918d8","faa2b3e6-c0a1-4269-baa6-d2605efe4c05","04ea8843-f461-4f1d-8ea4-43f62fdfb21e","f1b31d90-1e43-4948-9fe3-97ba43f6fb34","683f2b15-db3b-4f63-8d0f-e688cc678581","19de9abb-17c8-4d67-941d-b32706ed06fd","10093fcf-2053-47e9-bedb-841bb0d046fa","custom_9yYVcT","custom_HDCVXJ","custom_aTqjen","custom_LCMH9y","3d9ea84d-5527-4bce-abe6-5debef3ec955","19ab1d9f-74b2-4c76-bf2e-1bc749e5c2a3","a86220cf-8641-4e06-87d3-b5ffa195501b","058d88b7-6cce-4aae-a5c4-b8193bbdfa7f","36addb13-cd73-4713-a15c-7d846c4724e7","9630b233-8164-4dad-ab64-8830bedf328a","appstle_bundles_appstle_volume_discount_bundle_x6XMbU"],"disabled":true,"custom_css":[".productView-desc.halo-text-format p {line-height: 1 !important; \/* Adjust this value to control spacing *\/ margin-bottom: 6px !important; \/* Reduce space between paragraphs *\/}",".productView-moreItem {padding-bottom: 5px !important; padding-top: 5px !important;}",".title-content-full {height: 50px;}",".toggle-content {padding-bottom: 10px;}","p {margin-top: 5px;}",".halo-productView {padding-bottom: 10px;}"],"settings":{"container":"container","padding_full_width":0,"show_sticky_info":false,"media_fit":"cover","product_image_ratio":"portrait","portrait_aspect_ratio":101,"video_layout":"popup","zoomed_image":false,"product_image_popup":"none","main_image_show_custom_cursor":false,"icon_color":"#000000","main_image_position":"left","main_image_layout":"1","main_image_arrows_desktop":false,"main_image_arrows_mobile":false,"main_image_counter_mobile":false,"main_image_enable_parallax_mb":false,"main_image_show_zoom_icon_mb":false,"show_thumbnail_mobile":true,"thumnail_layout":"3","thumbnail_to_show":4,"enable_sticky":false,"sidebar_layout":"layout_1","sidebar_collapse":"collapse","sidebar_collapse_default":"expand","sidebar_position":"left","sidebar_heading_font":"font_1","sidebar_heading_font_size":17,"sidebar_heading_font_weight":"600","sidebar_heading_text_transform":"none","show_badge":false,"show_subtotal":false,"subtotal_style":"1","show_sticky_add_to_cart":false,"sticky_atc_layout":"1","enable_sticky_add_to_cart_always_mobile":false,"show_sticky_vendor":false,"show_quick_order_list":false,"show_image":false,"show_sku":false,"show_tab":true,"tab_layout":"vertical","tab_layout_mobile":"vertical","icon_style_layout":"style_2","title_font_size":18,"title_font_size_mb":16,"font_weight_title":"600","title_text_transform":"none","title_padding_top_bottom":24,"tab_border_color":"#eeec78","tab_border_color_rgb":"","show_product_bundle":true,"background_color":"#f8f8f8","block_title":"Frequenly Bought Together","block_title_align":"left","product_style":"3","block_image_ratio":"portrait","bundle_discount":true,"bundle_discount_text":"Get a 5% discount buying these products together","bundle_discount_text_color":"#232323","total_btn_color":"#ffffff","total_btn_border":"#232323","total_btn_bg":"#232323","total_btn_bg_gradient":"","total_btn_color_hover":"#232323","total_btn_border_hover":"#232323","total_btn_bg_hover":"#ffffff","total_btn_bg_gradient_hover":"","block_dots":false,"block_arrows":false,"padding_top":30,"padding_top_tablet":30,"padding_top_mobile":0,"padding_bottom":0,"padding_bottom_tablet":0,"padding_bottom_mobile":0,"mg_top_desktop":20,"mg_top_tablet":20,"mg_top_mobile":10,"mg_bottom_desktop":0,"mg_bottom_tablet":0,"mg_bottom_mobile":0}},"product-recommendations":{"type":"product-recommendations","disabled":true,"settings":{"display_product_block":true,"product_block_container":"container","padding_full_width":0,"enable_border_top":true,"enable_border_bottom":false,"color_border_bottom":"#e8e8e8","border_style":"container","mg_top_desktop":40,"mg_top_tablet":35,"mg_top_mobile":35,"mg_bottom_desktop":0,"mg_bottom_tablet":0,"mg_bottom_mobile":0,"product_block_layout":"slider","product_bg":"#ffffff","style_block_header":"style1","product_block_title":"Related Products","enable_border_title":false,"mg_top_title":27,"mg_bottom_title":3,"fontsize_title":18,"fontsize_title_mb":18,"color_title":"#232323","border_color_title":"#232323","product_block_title_align":"center","product_block_limit":10,"grid_gap":30,"product_block_per_row":"4","product_block_swipe_on_mobile":true,"product_block_dots":false,"product_block_dots_mb":true,"product_block_arrows":true,"product_block_arrows_mb":false,"product_block_show":"4","product_block_per_view":"4","show_half":true,"scroll_height":4,"scroll_track_bg":"#f1f1f1","scroll_thumb_color":"#000000","scroll_thumb_hover_color":"#444444","enable_layout_special":false,"bg_card":"#ffffff","padding_card":15,"border_radius_card":5,"border_layout_card":"full","border_width_card":5,"border_color_card":"#f0f1f4"}},"product-recently-viewed":{"type":"product-recently-viewed","disabled":true,"settings":{"display_product_recently_viewed":true,"product_recently_viewed_container":"container","padding_full_width":0,"enable_border_top":true,"enable_border_bottom":false,"color_border_bottom":"#e8e8e8","border_style":"container","mg_top_desktop":80,"mg_top_tablet":50,"mg_top_mobile":30,"mg_bottom_desktop":0,"mg_bottom_tablet":0,"mg_bottom_mobile":0,"product_recently_viewed_layout":"slider","product_bg":"#ffffff","product_bg_gradient":"","style_block_header":"style1","product_recently_viewed_title":"Recently Viewed Products","enable_border_title":false,"mg_top_title":27,"mg_bottom_title":3,"fontsize_title":18,"fontsize_title_mb":18,"border_color_title":"#232323","color_title":"#232323","product_recently_viewed_title_align":"center","product_recently_viewed_limit":10,"product_recently_viewed_image_ratio":"adapt","grid_gap":30,"product_recently_viewed_per_row":"4","product_recently_viewed_swipe_on_mobile":true,"product_recently_viewed_dots":false,"product_recently_viewed_dots_mb":true,"product_recently_viewed_arrows":true,"product_recently_viewed_arrows_mb":false,"product_recently_viewed_show":"4","product_block_per_view":"4","show_half":true,"scroll_height":4,"scroll_track_bg":"#f1f1f1","scroll_thumb_color":"#000000","scroll_thumb_hover_color":"#444444","enable_layout_special":false,"bg_card":"#ffffff","padding_card":15,"border_radius_card":5,"border_layout_card":"full","border_width_card":5,"border_color_card":"#f0f1f4"}},"custom_text_block_zcck8P":{"type":"custom-text-block","disabled":true,"settings":{"container":"fullwidth","padding_full_width":0,"brand_bg":"#f5f4ea","brand_bg_gradient":"","brand_bg_image":"{{ product.metafields.custom.background.value }}","brand_title":"{{ product.metafields.custom.m_smells_like.value }}","color_title":"#ffffff","fontsize_title":27,"fontsize_title_mb":25,"brand_des":"","color_des":"#3c3c3c","fontsize_des":18,"title_align":"center","menu":"","grid_gap":5,"padding_vertical":5,"padding_hozi":5,"border_radius":5,"fontsize_tab":16,"color_tab":"#232323","border_color":"#f9ede1","bg_color_tab":"#f9ede1","bg_color_gradient_tab":"","color_active":"#232323","border_color_active":"#f9ede1","bg_color_active":"#f9ede1","bg_color_gradient_active":"","mg_top_desktop":0,"mg_top_tablet":25,"mg_top_mobile":25,"mg_bottom_desktop":0,"mg_bottom_tablet":0,"mg_bottom_mobile":0}},"rich_text_iikRir":{"type":"rich-text","blocks":{"heading_UyHcbn":{"type":"heading","settings":{"heading":"Frequently Asked Questions","heading_size":21,"heading_size_mb":21,"heading_line_height":1,"heading_color":"#000000"}},"text_zRgrP7":{"type":"text","settings":{"text":"<p>Share information about your brand with your customers. Describe a product, make announcements, or welcome customers to your store.<\/p>","text_size":16,"text_size_mb":12,"text_font_weight":"400","text_line_height":1,"margin_top_text":20,"text_color":"#000000","text_width":"800px"}},"button_K3HAa6":{"type":"button","disabled":true,"settings":{"button_style":"button_1","button_label":"Button label","button_link":"","margin_top_button":30,"enable_underline_button":false,"button_color":"#ffffff","button_border_color":"#000000","button_bg_color":"#000000","button_bg_gradient":"","button_color_hover":"#000000","button_border_color_hover":"#000000","button_bg_color_hover":"#ffffff","button_bg_gradient_hover":"","button_width":"270px"}},"social_media_jQKtzc":{"type":"social_media","disabled":true,"settings":{"social_spacing_top":0,"social_spacing_bottom":0,"social_icon_color":"","social_icon_background_color":"","social_icon_background_gradient":"","social_icon_hover_color":"","social_icon_background_hover_color":"","social_icon_background_hover_gradient":"","social_icon_ring_color":""}}},"block_order":["heading_UyHcbn","text_zRgrP7","button_K3HAa6","social_media_jQKtzc"],"settings":{"container":"container","padding_full_width":0,"enable_border_top":false,"enable_border_bottom":false,"color_border_bottom":"#e8e8e8","enable_minus_mg_top":false,"minus_spacing_top":-100,"rich_text_bg":"#f5f4ea","rich_text_bg_gradient":"","enable_column":false,"content_align":"center","mg_top_desktop":30,"mg_top_tablet":30,"mg_top_mobile":15,"mg_bottom_desktop":30,"mg_bottom_tablet":30,"mg_bottom_mobile":15}},"custom_image_banner_GyYpXY":{"type":"custom-image-banner","blocks":{"large_img_YwY6zA":{"type":"largeImg","settings":{"item_width":"50%","item_border_radius":0,"item_spacing":0,"image":"{{ product.metafields.custom.brand_banner.value }}","title_align":"left","align_items":"center","align_items_spacing":65,"align_items_spacing_lr":10,"sub_title":"","border_sub_title":false,"color_sub_title":"#ffffff","fontsize_sub_title":20,"mg_bottom_sub_title":10,"title":"","color_title":"#232323","fontsize_title":13,"fontsize_title_mb":15,"mg_bottom_title":13,"mg_bottom_title_mb":5,"enable_style_italic":true,"des":"","color_des":"#232323","fontsize_des":16,"mg_bottom_des":20,"mg_bottom_des_mb":20,"button":"","link":"","fontsize_btn":15,"button_width":190,"color_button":"#232323","border_color_button":"#232323","bg_color_button":"#ebe88a","bg_gradient_color_button":"","color_button_hover":"#ffffff","border_color_button_hover":"#232323","bg_color_button_hover":"#232323","bg_gradient_color_button_hover":"","bg_opacity_button":1,"btn_text_transform":"lowercase","btn_icon":"","image_behavior":"none"}},"large_img_pjkcDE":{"type":"largeImg","settings":{"item_width":"50%","item_border_radius":0,"item_spacing":0,"image":"{{ product.metafields.custom.steps_for_refills.value }}","title_align":"left","align_items":"bottom","align_items_spacing":30,"align_items_spacing_lr":45,"sub_title":"","border_sub_title":false,"color_sub_title":"#ffffff","fontsize_sub_title":18,"mg_bottom_sub_title":10,"title":"","color_title":"#ffffff","fontsize_title":24,"fontsize_title_mb":20,"mg_bottom_title":10,"mg_bottom_title_mb":5,"enable_style_italic":false,"des":"","color_des":"#ffffff","fontsize_des":16,"mg_bottom_des":20,"mg_bottom_des_mb":20,"button":"","link":"","fontsize_btn":16,"button_width":190,"color_button":"#ffffff","border_color_button":"#232323","bg_color_button":"#232323","bg_gradient_color_button":"","color_button_hover":"#ffffff","border_color_button_hover":"#232323","bg_color_button_hover":"#232323","bg_gradient_color_button_hover":"","bg_opacity_button":1,"btn_text_transform":"uppercase","btn_icon":"","image_behavior":"none"}}},"block_order":["large_img_YwY6zA","large_img_pjkcDE"],"disabled":true,"custom_css":[".custom-image-banner-block .container {padding: 0px; margin-left: 0px; margin-right: 0px;}",".halo-item {margin: 0px;}",".customImageBanner-item .title {font-style: italic !important; margin-bottom: 15px !important; padding: 0 !important; line-height: 1.3 !important;}",".customImageBanner-item .img-box a.image-zoom:hover img {transform: none !important; transition: none !important;}"],"settings":{"container":"container","padding_full_width":0,"custom_image_banner_block_swipe_on_mobile":"list","item_distance":0,"custom_image_banner_bg":"#f5f4ea","custom_image_banner_bg_gradient":"","title_align":"left","custom_image_banner_title":"","enable_border_title":true,"color_title":"#232323","fontsize_title":10,"fontsize_title_mb":10,"margin_bottom_title":0,"custom_image_banner_des":"","color_des":"#3c3c3c","fontsize_des":16,"mg_top_desktop":0,"mg_top_tablet":0,"mg_top_mobile":5,"mg_bottom_desktop":0,"mg_bottom_tablet":0,"mg_bottom_mobile":0}},"featured_collection_nxcEgN":{"type":"featured-collection","blocks":{"featured_collection_iCgUMb":{"type":"featured_collection","settings":{"collection":"","image":"{{ product.metafields.custom.m_sq_img_prod.value }}","content_align":"left","title":"","color_title":"#232323","fontsize_title":20,"color_des":"#3c3c3c","color_hover_des":"#4dac8b","fontsize_des":14,"btn_icon":"","btn_text":"","link":"","color_button":"#ffffff","border_color_button":"#4d4a46","bg_color_button":"#4d4a46","bg_color_gradient_button":"","color_button_hover":"#ffffff","border_color_button_hover":"#4d4a46","bg_color_button_hover":"#4d4a46","bg_color_gradient_button_hover":""}},"featured_collection_Kcd3qG":{"type":"featured_collection","settings":{"collection":"","image":"{{ product.metafields.custom.feeling_desc_img.value }}","content_align":"center","title":"","color_title":"#232323","fontsize_title":20,"color_des":"#3c3c3c","color_hover_des":"#4dac8b","fontsize_des":14,"btn_icon":"","btn_text":"","link":"","color_button":"#ffffff","border_color_button":"#4d4a46","bg_color_button":"#4d4a46","bg_color_gradient_button":"","color_button_hover":"#ffffff","border_color_button_hover":"#4d4a46","bg_color_button_hover":"#4d4a46","bg_color_gradient_button_hover":""}}},"block_order":["featured_collection_iCgUMb","featured_collection_Kcd3qG"],"disabled":true,"custom_css":[".halo-item {margin: 0px;}"],"settings":{"container":"fullwidth","padding_full_width":0,"column":"2","featured_collection_bg":"#f5f4ea","featured_collection_bg_gradient":"","featured_collection_bg_image":"{{ product.metafields.custom.background.value }}","featured_collection_block_title":"","enable_border_title":false,"color_title":"#202020","fontsize_title":10,"fontsize_title_mb":10,"featured_collection_block_btn_text":"","featured_collection_block_btn_link":"","btn_color":"#3c3c3c","fontsize_btn":16,"btn_icon":"","btn_icon_color":"#eb492f","title_align":"center","featured_collection_block_swipe_on_mobile":false,"mg_top_desktop":0,"mg_top_tablet":0,"mg_top_mobile":0,"mg_bottom_desktop":0,"mg_bottom_tablet":0,"mg_bottom_mobile":0}},"brand_slider_UKYWYP":{"type":"brand-slider","blocks":{"image_M3n4Rn":{"type":"image","settings":{"image":"{{ product.metafields.custom.active_note_1.value }}","title":"{{ product.metafields.custom.m_pro_active_notes1.value }}","color_text":"#000000","color_text_hover":"#2f3c0d","description":"","color_des":"#3c3c3c","link":""}},"image_DzbVig":{"type":"image","settings":{"image":"{{ product.metafields.custom.active_notes_2.value }}","title":"{{ product.metafields.custom.m_pro_active_notes2.value }}","color_text":"#000000","color_text_hover":"#3e8cc4","description":"","color_des":"#3c3c3c","link":""}},"image_LBqz8c":{"type":"image","settings":{"image":"{{ product.metafields.custom.active_notes_3.value }}","title":"{{ product.metafields.custom.m_pro_active_notes3.value }}","color_text":"#000000","color_text_hover":"#3e8cc4","description":"","color_des":"#3c3c3c","link":""}},"image_7kPJHL":{"type":"image","settings":{"image":"{{ product.metafields.custom.active_notes_4.value }}","title":"{{ product.metafields.custom.m_pro_active_notes4.value }}","color_text":"#000000","color_text_hover":"#3e8cc4","description":"","color_des":"#3c3c3c","link":""}}},"block_order":["image_M3n4Rn","image_DzbVig","image_LBqz8c","image_7kPJHL"],"disabled":true,"custom_css":[".halo-block-header {margin-bottom: 10px; height: 60px;}"],"settings":{"container":"fullwidth","padding_full_width":0,"brands_block_style":"style_1","brand_layout":"slider","scroll_from":"ltr","brand_scroll_time":"20","display_brand_border":true,"brand_bg":"#f5f4ea","brand_bg_gradient":"","title_align":"center","brand_title":"ACTIVE NOTES","color_title":"#232323","fontsize_title":21,"fontsize_title_mb":20,"mg_bottom_title":5,"enable_border_title":false,"border_color_title":"#051c42","brand_des":"-","color_des":"#3c3c3c","fontsize_des":48,"mg_bottom_des":0,"view_all":"","view_all_fs":12,"font_weight_view_all":"400","mg_bottom_view":0,"enable_border_view_all":true,"link_view_all":"","color_view_all":"#3c3c3c","icon_view_all":"","color_view_all_icon":"#eb492f","view_all_icon_side":"left","btn_text":"","fontsize_btn":12,"btn_spacing_top":15,"btn_color":"#828282","btn_link":"","enable_autoplay":false,"brand_speed":"3000","brand_rows":"4","enable_arrows":false,"enable_dots":true,"enable_center_mode":true,"style_position_arrows":"none","position_horizontal_arrow":0,"color_arrow":"","arrow_background":"","arrow_background_gradient":"","arrow_border":"","color_arrow_hover":"","arrow_background_hover":"","arrow_background_gradient_hover":"","arrow_border_hover":"","brand_rows_mb":"2","brand_image_ratio":"square","item_distance":3,"margin_bottom_image":1,"brand_item_border":"box_shadow","border_radius":0,"border_color":"#e2e5e7","border_color_hover":"#2d2d2d","hover_effect":"none","color_underline_image_hover":"#000000","fontsize_text":16,"fontsize_text_mb":13,"font_weight_title":"700","margin_bottom_title":25,"mg_top_desktop":55,"mg_top_tablet":50,"mg_top_mobile":20,"mg_bottom_desktop":50,"mg_bottom_tablet":50,"mg_bottom_mobile":0}},"image_banner_7Nezt4":{"type":"image-banner","blocks":{"large_img_XebgxB":{"type":"largeImg","settings":{"image":"{{ product.metafields.custom.background.value }}","mobile_image":"{{ product.metafields.custom.background.value }}","enable_max_width_image":false,"custom_width_image":1170,"enable_scroll_down":false,"enable_custom_image":false,"image_behavior":"none","sub_title":"{{ product.metafields.custom.inspired_by_xxx_.value }}","border_sub_title":false,"font_size_sub_title":20,"font_size_sub_title_mb":25,"margin_bottom_sub_title":14,"sub_heading_font":"font_2","font_weight_sub_title":"600","sub_title_position":"sub_title_above","color_sub_title":"#ffffff","color_sub_title_mb":"#ffffff","heading":"{{ product.metafields.custom.short_story.value }}","letter_spacing_heading":"","enable_style_italic":false,"font_size_heading":15,"font_size_heading_mb":10,"margin_bottom_heading":20,"font_weight_heading":"400","color_heading":"#232323","color_heading_mb":"#232323","border_title":"none","border_color_title":"#232323","border_color_title_mobile":"#ffffff","text":"","font_size_des":12,"font_size_des_mb":12,"line_height_des":26,"margin_bottom_des":35,"color_des":"#232323","color_des_mb":"#ffffff","countdown":"","hide_countdown_fc":"countdown","countdown_style":"round","countdown_position":"countdown_below_desc","font_size_countdown_number":30,"font_size_countdown_text":14,"color_countdown":"#232323","color_countdown_mb":"#ffffff","countdown_margin_bottom":35,"content_width":475,"bg_color_content":"","align":"left","align_items":"top","position":"left","custom_horizontal":"","custom_vertical":"","btn_text":"Know more behind the scent","link":"{{ product.metafields.custom.m_story_link.value }}","btn_icon":"","button_1_width":180,"enable_button_custom_border":false,"button_color":"#3c3c3c","button_border":"#acacac","button_background":"#e7edb0","button_background_gradient":"","button_color_hover":"#3c3c3c","button_border_hover":"#232323","button_background_hover":"#232323","button_background_gradient_hover":"","btn_text_2":"","link_2":"","btn_icon_2":"","button_color_2":"#ffffff","button_border_2":"#232323","button_background_2":"#232323","button_background_2_gradient":"","button_color_hover_2":"#ffffff","button_border_hover_2":"#232323","button_background_hover_2":"#232323","button_background_gradient_hover_2":"","video_link":"","adaptive_height_video":"56","icon_style":"style_1","color_icon":"#ffffff","bg_color_icon":"#000000","enable_custom_video_icon_position":false,"video_icon_horizontal_position":"","video_icon_vertical_position":"","video_icon_horizontal_position_mb":"","video_icon_vertical_position_mb":""}}},"block_order":["large_img_XebgxB"],"disabled":true,"settings":{"id_section":"","container":"fullwidth","padding_full_width":0,"display_type":"slide","enable_arrows":false,"arrows_position":"","enable_dots":false,"enable_autoplay":false,"list_gap":0,"image_banner_title":"","enable_border_title":false,"color_title":"#202020","fontsize_title":24,"fontsize_title_mb":20,"margin_bottom_title":25,"image_banner_des":"","color_des":"#202020","fontsize_des":16,"title_align":"center","style_bg":"none","bg_color":"#f5f4ea","bg_color_gradient":"","mg_top_desktop":50,"mg_top_tablet":50,"mg_top_mobile":0,"mg_bottom_desktop":50,"mg_bottom_tablet":50,"mg_bottom_mobile":0}},"image_banner_GBgG8M":{"type":"image-banner","blocks":{"large_img_jhkPwY":{"type":"largeImg","settings":{"image":"{{ product.metafields.custom.m_story_image.value }}","mobile_image":"{{ product.metafields.custom.m_story_image.value }}","enable_max_width_image":false,"custom_width_image":1170,"enable_scroll_down":false,"enable_custom_image":false,"image_behavior":"none","sub_title":"","border_sub_title":false,"font_size_sub_title":14,"font_size_sub_title_mb":14,"margin_bottom_sub_title":14,"sub_heading_font":"font_1","font_weight_sub_title":"700","sub_title_position":"sub_title_above","color_sub_title":"#232323","color_sub_title_mb":"#ffffff","heading":"","letter_spacing_heading":"","enable_style_italic":false,"font_size_heading":40,"font_size_heading_mb":24,"margin_bottom_heading":20,"font_weight_heading":"600","color_heading":"#232323","color_heading_mb":"#ffffff","border_title":"border_s1","border_color_title":"#232323","border_color_title_mobile":"#ffffff","text":"","font_size_des":12,"font_size_des_mb":12,"line_height_des":26,"margin_bottom_des":35,"color_des":"#232323","color_des_mb":"#ffffff","countdown":"","hide_countdown_fc":"countdown","countdown_style":"round","countdown_position":"countdown_below_desc","font_size_countdown_number":30,"font_size_countdown_text":14,"color_countdown":"#232323","color_countdown_mb":"#ffffff","countdown_margin_bottom":35,"content_width":475,"bg_color_content":"","align":"center","align_items":"center","position":"left","custom_horizontal":"","custom_vertical":"","btn_text":"","link":"","btn_icon":"","button_1_width":235,"enable_button_custom_border":false,"button_color":"#ffffff","button_border":"#232323","button_background":"#232323","button_background_gradient":"","button_color_hover":"#ffffff","button_border_hover":"#232323","button_background_hover":"#232323","button_background_gradient_hover":"","btn_text_2":"","link_2":"","btn_icon_2":"","button_color_2":"#ffffff","button_border_2":"#232323","button_background_2":"#232323","button_background_2_gradient":"","button_color_hover_2":"#ffffff","button_border_hover_2":"#232323","button_background_hover_2":"#232323","button_background_gradient_hover_2":"","video_link":"","adaptive_height_video":"56","icon_style":"style_1","color_icon":"#ffffff","bg_color_icon":"#000000","enable_custom_video_icon_position":false,"video_icon_horizontal_position":"","video_icon_vertical_position":"","video_icon_horizontal_position_mb":"","video_icon_vertical_position_mb":""}}},"block_order":["large_img_jhkPwY"],"disabled":true,"settings":{"id_section":"","container":"fullwidth","padding_full_width":0,"display_type":"slide","enable_arrows":false,"arrows_position":"","enable_dots":false,"enable_autoplay":false,"list_gap":0,"image_banner_title":"","enable_border_title":false,"color_title":"#202020","fontsize_title":24,"fontsize_title_mb":20,"margin_bottom_title":25,"image_banner_des":"","color_des":"#202020","fontsize_des":16,"title_align":"center","style_bg":"none","bg_color":"","bg_color_gradient":"","mg_top_desktop":0,"mg_top_tablet":0,"mg_top_mobile":0,"mg_bottom_desktop":0,"mg_bottom_tablet":0,"mg_bottom_mobile":0}},"collapsible_content_6pP6eq":{"type":"collapsible-content","blocks":{"content_49ECTH":{"type":"content","settings":{"heading":"Q1. What wax does your candle use? Is it safe?","content":"<p>We only use natural coconut wax, soy wax, and botanical wax—no paraffin, no toxins, just a cleaner, safer burn.<\/p>","page":""}},"content_Hiqpyk":{"type":"content","settings":{"heading":"Q2. Are your fragrance oils natural and non-toxic?","content":"<p>Yes! Our fragrance blends are crafted with top-tier essential oils and certified clean fragrance oils—tested for safety and quality.<\/p>","page":""}},"content_aLFcLe":{"type":"content","settings":{"heading":"Q3. Are your candles handmade?","content":"<p>Each candle is hand-poured in small batches in the USA to ensure craftsmanship and consistency.<\/p>","page":""}}},"block_order":["content_49ECTH","content_Hiqpyk","content_aLFcLe"],"custom_css":[".collapsible-content {margin-top: 5px;}"," \/* Make the accordion title smaller *\/.faqs-item .card-header .title {font-size: 14px !important; \/* Adjust this value as needed *\/ font-weight: 800 !important; \/* Adjust weight if needed *\/}"," \/* Make the arrow icon smaller *\/.faqs-item .card-header .icon-plus svg {width: 15px !important; \/* Adjust width *\/ height: 15px !important; \/* Adjust height *\/}"," \/* Optional: adjust the spacing of the header if needed *\/.collapsed .title {padding-top: 5px; padding-bottom: 5px;}",".card-header .title {padding-top: 5px; padding-bottom: 5px;}"],"settings":{"id_section":"","container":"container","padding_full_width":0,"collapsible_bg":"#f5f4ea","collapsible_bg_gradient":"","collapsible_title":"","color_title":"#232323","fontsize_title":10,"fontsize_title_mb":10,"collapsible_des":"<strong>1. Products<\/strong>","color_des":"#3c3c3c","fontsize_des":16,"fontsize_des_mb":25,"max_width_des":380,"title_align":"left","enable_image_right":false,"image_right":"{{ product.metafields.custom.background.value }}","bg_content_color":"#f5f4ea","content_color":"#232323","title_color":"#232323","icon_color":"#232323","border_color":"#232323","mg_top_desktop":50,"mg_top_tablet":65,"mg_top_mobile":10,"mg_bottom_desktop":50,"mg_bottom_tablet":50,"mg_bottom_mobile":10}},"image_banner_MmdkQU":{"type":"image-banner","blocks":{"large_img_9cGTP8":{"type":"largeImg","settings":{"mobile_image":"shopify:\/\/shop_images\/Group_201.png","enable_max_width_image":false,"custom_width_image":1170,"enable_scroll_down":false,"enable_custom_image":false,"image_behavior":"none","sub_title":"","border_sub_title":false,"font_size_sub_title":14,"font_size_sub_title_mb":14,"margin_bottom_sub_title":14,"sub_heading_font":"font_1","font_weight_sub_title":"700","sub_title_position":"sub_title_above","color_sub_title":"#232323","color_sub_title_mb":"#ffffff","heading":"","letter_spacing_heading":"","enable_style_italic":false,"font_size_heading":40,"font_size_heading_mb":24,"margin_bottom_heading":20,"font_weight_heading":"600","color_heading":"#232323","color_heading_mb":"#ffffff","border_title":"border_s1","border_color_title":"#232323","border_color_title_mobile":"#ffffff","text":"","font_size_des":12,"font_size_des_mb":12,"line_height_des":26,"margin_bottom_des":35,"color_des":"#232323","color_des_mb":"#ffffff","countdown":"","hide_countdown_fc":"countdown","countdown_style":"round","countdown_position":"countdown_below_desc","font_size_countdown_number":30,"font_size_countdown_text":14,"color_countdown":"#232323","color_countdown_mb":"#ffffff","countdown_margin_bottom":35,"content_width":475,"bg_color_content":"","align":"center","align_items":"center","position":"left","custom_horizontal":"","custom_vertical":"","btn_text":"","link":"","btn_icon":"","button_1_width":235,"enable_button_custom_border":false,"button_color":"#ffffff","button_border":"#232323","button_background":"#232323","button_background_gradient":"","button_color_hover":"#ffffff","button_border_hover":"#232323","button_background_hover":"#232323","button_background_gradient_hover":"","btn_text_2":"","link_2":"","btn_icon_2":"","button_color_2":"#ffffff","button_border_2":"#232323","button_background_2":"#232323","button_background_2_gradient":"","button_color_hover_2":"#ffffff","button_border_hover_2":"#232323","button_background_hover_2":"#232323","button_background_gradient_hover_2":"","video_link":"","adaptive_height_video":"56","icon_style":"style_1","color_icon":"#ffffff","bg_color_icon":"#000000","enable_custom_video_icon_position":false,"video_icon_horizontal_position":"","video_icon_vertical_position":"","video_icon_horizontal_position_mb":"","video_icon_vertical_position_mb":""}}},"block_order":["large_img_9cGTP8"],"settings":{"id_section":"","container":"fullwidth","padding_full_width":0,"display_type":"slide","enable_arrows":false,"arrows_position":"","enable_dots":false,"enable_autoplay":false,"list_gap":0,"image_banner_title":"","enable_border_title":false,"color_title":"#202020","fontsize_title":24,"fontsize_title_mb":20,"margin_bottom_title":0,"image_banner_des":"","color_des":"#202020","fontsize_des":16,"title_align":"center","style_bg":"full","bg_color":"#1e4e26","bg_color_gradient":"","mg_top_desktop":50,"mg_top_tablet":50,"mg_top_mobile":0,"mg_bottom_desktop":50,"mg_bottom_tablet":50,"mg_bottom_mobile":0}}},"order":["main","product-recommendations","product-recently-viewed","custom_text_block_zcck8P","rich_text_iikRir","custom_image_banner_GyYpXY","featured_collection_nxcEgN","brand_slider_UKYWYP","image_banner_7Nezt4","image_banner_GBgG8M","collapsible_content_6pP6eq","image_banner_MmdkQU"]}